{"type":"FeatureCollection","features":[{"type":"Feature","properties":{"id":"tangaran/arung-medang","name":"Arung Medang","type":"desa","parentId":"tangaran","code":"6101062008"},"geometry":{"type":"Polygon","coordinates":[[[109.15689,1.58999],[109.15306,1.59967],[109.12906,1.58672],[109.11224,1.57392],[109.13579,1.55986],[109.14025,1.56136],[109.14621,1.56024],[109.15675,1.5615],[109.15689,1.58999]]]}},{"type":"Feature","properties":{"id":"tangaran/arung-parak","name":"Arung Parak","type":"desa","parentId":"tangaran","code":"6101062006"},"geometry":{"type":"Polygon","coordinates":[[[109.16323,1.60252],[109.16202,1.60386],[109.15306,1.59967],[109.15577,1.59111],[109.16042,1.58971],[109.16192,1.58606],[109.16527,1.58372],[109.17647,1.58412],[109.1856,1.59738],[109.17177,1.59872],[109.16323,1.60252]]]}},{"type":"Feature","properties":{"id":"jawai/bakau","name":"Bakau","type":"desa","parentId":"jawai","code":"6101050013"},"geometry":{"type":"Polygon","coordinates":[[[109.13119,1.33132],[109.12916,1.34099],[109.12729,1.34287],[109.0925,1.34821],[109.06384,1.35445],[109.04311,1.36105],[109.04203,1.35068],[109.07055,1.3392],[109.08465,1.33688],[109.10957,1.32846],[109.12241,1.33176],[109.13119,1.33132]]]}},{"type":"Feature","properties":{"id":"subah/balai-gemuruh","name":"Balai Gemuruh","type":"desa","parentId":"subah","code":"6101041010"},"geometry":{"type":"Polygon","coordinates":[[[109.47862,1.18868],[109.47861,1.21192],[109.4117,1.20878],[109.40655,1.20007],[109.40482,1.18942],[109.39947,1.18115],[109.39377,1.16353],[109.37128,1.14681],[109.36499,1.1403],[109.36532,1.13298],[109.36756,1.12965],[109.36771,1.11606],[109.37288,1.10687],[109.37045,1.10496],[109.37051,1.10019],[109.37378,1.08273],[109.37359,1.07486],[109.37571,1.07247],[109.37596,1.06886],[109.39155,1.06446],[109.39261,1.06159],[109.4074,1.0526],[109.41265,1.05121],[109.42173,1.05161],[109.42465,1.04504],[109.43508,1.04256],[109.44021,1.05304],[109.47483,1.09577],[109.4797,1.10685],[109.47862,1.18868]]]}},{"type":"Feature","properties":{"id":"tebas/batu-makjage","name":"Batu Makjage","type":"desa","parentId":"tebas","code":"6101030003"},"geometry":{"type":"Polygon","coordinates":[[[109.21572,1.16009],[109.20738,1.16187],[109.19607,1.16702],[109.18924,1.1716],[109.18144,1.1815],[109.16208,1.17745],[109.15197,1.1673],[109.1575,1.16185],[109.15898,1.15646],[109.16136,1.15398],[109.16061,1.15259],[109.16954,1.15035],[109.19845,1.15195],[109.20893,1.1554],[109.21572,1.16009]]]}},{"type":"Feature","properties":{"id":"tebas/bekut","name":"Bekut","type":"desa","parentId":"tebas","code":"6101030019"},"geometry":{"type":"Polygon","coordinates":[[[109.18261,1.23909],[109.17028,1.24125],[109.1598,1.24518],[109.14685,1.25405],[109.14468,1.24851],[109.15558,1.23715],[109.16702,1.22832],[109.18542,1.22505],[109.18764,1.23845],[109.18261,1.23909]]]}},{"type":"Feature","properties":{"id":"selakau/bentunai","name":"Bentunai","type":"desa","parentId":"selakau","code":"6101010009"},"geometry":{"type":"Polygon","coordinates":[[[109.05357,1.1004],[109.02904,1.10506],[109.02531,1.08257],[109.02098,1.07293],[109.02117,1.07002],[109.0233,1.06783],[109.03284,1.07704],[109.04141,1.08183],[109.04643,1.08877],[109.0468,1.0959],[109.0509,1.09731],[109.05357,1.1004]]]}},{"type":"Feature","properties":{"id":"sajad/beringin","name":"Beringin","type":"desa","parentId":"sajad","code":"6101043004"},"geometry":{"type":"Polygon","coordinates":[[[109.45463,1.4086],[109.44565,1.41279],[109.44117,1.40364],[109.42406,1.38272],[109.42056,1.37361],[109.41646,1.3556],[109.41647,1.34297],[109.42086,1.3104],[109.4499,1.33885],[109.46252,1.34558],[109.47807,1.36321],[109.46105,1.40505],[109.45463,1.4086]]]}},{"type":"Feature","properties":{"id":"teluk-keramat/berlimang","name":"Berlimang","type":"desa","parentId":"teluk-keramat","code":"6101060004"},"geometry":{"type":"Polygon","coordinates":[[[109.18927,1.40174],[109.18379,1.40091],[109.16377,1.39089],[109.15452,1.39399],[109.11952,1.39606],[109.1218,1.381],[109.1392,1.37801],[109.16618,1.36606],[109.20032,1.3426],[109.21741,1.3615],[109.2213,1.37168],[109.21445,1.37848],[109.20849,1.37801],[109.20803,1.38193],[109.20452,1.386],[109.19517,1.38786],[109.19098,1.3919],[109.18927,1.40174]]]}},{"type":"Feature","properties":{"id":"selakau-timur/buduk-sempadang","name":"Buduk Sempadang","type":"desa","parentId":"selakau-timur","code":"6101011004"},"geometry":{"type":"Polygon","coordinates":[[[109.15981,1.11863],[109.15524,1.11784],[109.15551,1.11988],[109.14919,1.1245],[109.14518,1.1237],[109.13933,1.11731],[109.13693,1.1086],[109.12802,1.10121],[109.11902,1.09869],[109.11741,1.08532],[109.11275,1.07],[109.09814,1.05816],[109.08685,1.04557],[109.08505,1.03495],[109.08611,1.02676],[109.08484,1.00088],[109.08858,0.99092],[109.09556,0.99124],[109.09827,0.99439],[109.09632,1.00491],[109.10798,1.00502],[109.1083,1.01196],[109.12089,1.01115],[109.13025,1.01836],[109.13516,1.01146],[109.1429,1.01196],[109.14697,1.01033],[109.14675,1.00313],[109.15087,0.99314],[109.14514,0.99044],[109.14686,0.98804],[109.15006,0.98718],[109.14978,0.98003],[109.15489,0.97952],[109.15981,0.97696],[109.16268,0.97217],[109.16719,0.97368],[109.16499,0.97611],[109.16578,0.97726],[109.1714,0.97733],[109.1737,0.9794],[109.17607,0.97458],[109.17288,0.96651],[109.17516,0.96465],[109.17892,0.96582],[109.18791,0.96408],[109.19562,0.96655],[109.20378,0.97219],[109.2052,0.97899],[109.21099,0.98149],[109.21315,0.98771],[109.21782,0.98912],[109.22518,0.98763],[109.22925,0.98846],[109.23356,0.99548],[109.23142,1.0029],[109.22043,1.00304],[109.20608,1.01019],[109.19711,1.0201],[109.19189,1.02866],[109.18611,1.03237],[109.18883,1.05057],[109.1841,1.06015],[109.18468,1.06705],[109.1815,1.07114],[109.18209,1.0732],[109.17777,1.07556],[109.17717,1.07808],[109.16423,1.07964],[109.16075,1.08353],[109.16175,1.08808],[109.15712,1.09708],[109.16107,1.10283],[109.15959,1.10705],[109.16233,1.11231],[109.15981,1.11863]]]}},{"type":"Feature","properties":{"id":"subah/bukit-mulya","name":"Bukit Mulya","type":"desa","parentId":"subah","code":"6101041005"},"geometry":{"type":"Polygon","coordinates":[[[109.53597,1.19469],[109.53343,1.20235],[109.53311,1.21257],[109.53627,1.22248],[109.54135,1.22855],[109.54388,1.23782],[109.54039,1.24708],[109.54214,1.25478],[109.47259,1.24653],[109.47564,1.2299],[109.47753,1.22828],[109.47862,1.18868],[109.51081,1.18948],[109.51674,1.19161],[109.52986,1.19162],[109.53597,1.19469]]]}},{"type":"Feature","properties":{"id":"tebas/bukit-segoler","name":"Bukit Segoler","type":"desa","parentId":"tebas","code":"6101030004"},"geometry":{"type":"Polygon","coordinates":[[[109.14064,1.17098],[109.13758,1.17169],[109.13639,1.1351],[109.13874,1.12755],[109.1437,1.12324],[109.14919,1.1245],[109.15551,1.11988],[109.15524,1.11784],[109.16394,1.11868],[109.16631,1.11584],[109.16861,1.11935],[109.17279,1.11954],[109.17565,1.12331],[109.17795,1.12386],[109.17888,1.11858],[109.18359,1.11367],[109.18647,1.113],[109.19883,1.11573],[109.20323,1.11988],[109.20537,1.11382],[109.2087,1.11112],[109.20881,1.12057],[109.22477,1.12729],[109.21616,1.16031],[109.20893,1.1554],[109.19845,1.15195],[109.17308,1.15019],[109.1639,1.15105],[109.16061,1.15259],[109.16136,1.15398],[109.15898,1.15646],[109.1575,1.16185],[109.15283,1.16674],[109.14064,1.17098]]]}},{"type":"Feature","properties":{"id":"tekarang/cepala","name":"Cepala","type":"desa","parentId":"tekarang","code":"6101031006"},"geometry":{"type":"Polygon","coordinates":[[[109.14713,1.28911],[109.15037,1.3006],[109.13783,1.31179],[109.12522,1.31972],[109.11629,1.30318],[109.14713,1.28911]]]}},{"type":"Feature","properties":{"id":"sambas/dalam-kaum","name":"Dalam Kaum","type":"desa","parentId":"sambas","code":"6101040029"},"geometry":{"type":"Polygon","coordinates":[[[109.34366,1.37802],[109.33201,1.37931],[109.31743,1.37146],[109.314,1.36208],[109.31575,1.35899],[109.31535,1.35178],[109.32362,1.35089],[109.33035,1.34524],[109.34107,1.34288],[109.33902,1.33731],[109.34283,1.33621],[109.34513,1.33833],[109.34655,1.33463],[109.35008,1.33287],[109.34985,1.33027],[109.35433,1.32638],[109.36063,1.32664],[109.36374,1.3283],[109.36306,1.3214],[109.36124,1.31879],[109.36577,1.31457],[109.36417,1.31168],[109.36506,1.3089],[109.35882,1.30718],[109.35871,1.30412],[109.36227,1.29949],[109.36786,1.2989],[109.36956,1.29528],[109.37257,1.29476],[109.37514,1.28787],[109.37293,1.28437],[109.37579,1.27926],[109.39282,1.28966],[109.39507,1.29472],[109.39526,1.30095],[109.3911,1.31587],[109.38937,1.33694],[109.37938,1.35156],[109.37592,1.36294],[109.3647,1.35893],[109.35205,1.35707],[109.34394,1.36944],[109.34366,1.37802]]]}},{"type":"Feature","properties":{"id":"jawai/dungun-laut","name":"Dungun Laut","type":"desa","parentId":"jawai","code":"6101050010"},"geometry":{"type":"Polygon","coordinates":[[[109.06991,1.29966],[109.06505,1.30375],[109.04523,1.30878],[109.02855,1.31885],[109.01145,1.29707],[109.01847,1.28888],[109.03298,1.28195],[109.0389,1.29031],[109.04732,1.29705],[109.05357,1.29752],[109.06387,1.29432],[109.06991,1.29966]]]}},{"type":"Feature","properties":{"id":"tebas/dungun-perapakan","name":"Dungun Perapakan","type":"desa","parentId":"tebas","code":"6101030014"},"geometry":{"type":"Polygon","coordinates":[[[109.18144,1.1815],[109.17731,1.18922],[109.17108,1.19534],[109.15364,1.20373],[109.14844,1.20187],[109.14186,1.20208],[109.14325,1.1991],[109.14335,1.18625],[109.15943,1.18099],[109.16208,1.17745],[109.18144,1.1815]]]}},{"type":"Feature","properties":{"id":"sambas/durian","name":"Durian","type":"desa","parentId":"sambas","code":"6101040024"},"geometry":{"type":"Polygon","coordinates":[[[109.30468,1.36481],[109.2975,1.3639],[109.28915,1.35893],[109.29644,1.3548],[109.30397,1.35554],[109.30468,1.36481]]]}},{"type":"Feature","properties":{"id":"galing/galing","name":"Galing","type":"desa","parentId":"galing","code":"6101061005"},"geometry":{"type":"Polygon","coordinates":[[[109.38648,1.52595],[109.38503,1.53764],[109.37373,1.55381],[109.36711,1.54479],[109.36355,1.54296],[109.35897,1.54353],[109.3515,1.53433],[109.34932,1.52397],[109.35117,1.50701],[109.35382,1.50301],[109.35518,1.50385],[109.35829,1.50169],[109.36163,1.50265],[109.369,1.51021],[109.37987,1.51637],[109.38648,1.52595]]]}},{"type":"Feature","properties":{"id":"sambas/gapura","name":"Gapura","type":"desa","parentId":"sambas","code":"6101040020"},"geometry":{"type":"Polygon","coordinates":[[[109.24197,1.393],[109.23807,1.39196],[109.23054,1.38616],[109.22453,1.37818],[109.21741,1.3615],[109.19608,1.33724],[109.21119,1.321],[109.21275,1.32053],[109.24993,1.34178],[109.23909,1.3529],[109.24808,1.36813],[109.25942,1.38213],[109.25316,1.3885],[109.24197,1.393]]]}},{"type":"Feature","properties":{"id":"selakau/gayung-bersambut","name":"Gayung Bersambut","type":"desa","parentId":"selakau","code":"6101010011"},"geometry":{"type":"Polygon","coordinates":[[[109.03036,0.99017],[109.06275,0.98957],[109.0669,0.99213],[109.07583,0.99261],[109.07962,0.99812],[109.08484,1.00088],[109.06847,1.00569],[109.06031,1.00442],[109.05847,1.00643],[109.05929,1.01053],[109.04969,1.01524],[109.02345,1.01522],[109.03036,0.99017]]]}},{"type":"Feature","properties":{"id":"selakau-timur/gelik","name":"Gelik","type":"desa","parentId":"selakau-timur","code":"6101011001"},"geometry":{"type":"Polygon","coordinates":[[[109.06513,1.09699],[109.05357,1.1004],[109.0509,1.09731],[109.04755,1.09656],[109.04643,1.08877],[109.04252,1.08305],[109.03284,1.07704],[109.02734,1.07047],[109.02399,1.06915],[109.0233,1.06783],[109.02589,1.06434],[109.02965,1.06318],[109.03154,1.06596],[109.03816,1.06746],[109.04124,1.07081],[109.04369,1.06993],[109.05469,1.08095],[109.05942,1.08343],[109.06513,1.09699]]]}},{"type":"Feature","properties":{"id":"pemangkat/gugah-sejahtera","name":"Gugah Sejahtera","type":"desa","parentId":"pemangkat","code":"6101020017"},"geometry":{"type":"Polygon","coordinates":[[[108.9954,1.1646],[108.98794,1.16936],[108.98891,1.17306],[108.98595,1.17628],[108.98329,1.16994],[108.98054,1.16851],[108.97632,1.1573],[109.00867,1.1578],[109.0088,1.16395],[108.99905,1.16586],[108.99841,1.1638],[108.9954,1.1646]]]}},{"type":"Feature","properties":{"id":"pemangkat/harapan","name":"Harapan","type":"desa","parentId":"pemangkat","code":"6101020013"},"geometry":{"type":"Polygon","coordinates":[[[108.98984,1.18018],[108.98597,1.17627],[108.98891,1.17306],[108.98794,1.16936],[108.99841,1.1638],[108.99905,1.16586],[109.0088,1.16395],[109.00904,1.17586],[108.98984,1.18018]]]}},{"type":"Feature","properties":{"id":"sambas/jagur","name":"Jagur","type":"desa","parentId":"sambas","code":"6101040032"},"geometry":{"type":"Polygon","coordinates":[[[109.30649,1.36415],[109.30494,1.37878],[109.29767,1.40212],[109.2895,1.40199],[109.28346,1.38908],[109.29241,1.38038],[109.29872,1.36423],[109.30649,1.36415]]]}},{"type":"Feature","properties":{"id":"jawai-selatan/jawai-laut","name":"Jawai Laut","type":"desa","parentId":"jawai-selatan","code":"6101051001"},"geometry":{"type":"Polygon","coordinates":[[[109.02177,1.28764],[109.01664,1.29025],[109.01145,1.29707],[108.9926,1.27712],[108.98966,1.27586],[108.98987,1.27361],[108.98725,1.27152],[108.98962,1.26943],[108.98984,1.26673],[108.98773,1.26157],[108.99726,1.26572],[109.01171,1.26225],[109.02177,1.28764]]]}},{"type":"Feature","properties":{"id":"jawai-selatan/jelu-air","name":"Jelu Air","type":"desa","parentId":"jawai-selatan","code":"6101051002"},"geometry":{"type":"Polygon","coordinates":[[[109.02207,1.25009],[109.02443,1.25997],[109.00242,1.26361],[108.99726,1.26572],[108.98773,1.26157],[108.98734,1.2569],[108.98281,1.2468],[108.97664,1.23868],[108.97682,1.23674],[108.96881,1.22363],[108.96373,1.21777],[108.9613,1.20735],[108.95962,1.20568],[108.96507,1.19032],[108.97068,1.19],[108.97113,1.1823],[108.97068,1.19],[108.98094,1.20532],[108.99052,1.20826],[109.01285,1.20692],[109.01276,1.21704],[109.01439,1.21932],[109.01127,1.22627],[109.0131,1.23017],[109.01886,1.23495],[109.02207,1.25009]]]}},{"type":"Feature","properties":{"id":"pemangkat/jelutung","name":"Jelutung","type":"desa","parentId":"pemangkat","code":"6101020012"},"geometry":{"type":"Polygon","coordinates":[[[109.00867,1.1578],[108.97631,1.1573],[108.973,1.14745],[108.9735,1.12907],[108.97956,1.13401],[108.98807,1.13462],[108.99198,1.13656],[108.99558,1.13294],[108.99528,1.12651],[108.99943,1.1257],[109.0021,1.1272],[109.00104,1.13182],[109.00321,1.13507],[109.00582,1.1357],[109.00854,1.13313],[109.01381,1.13559],[109.00867,1.1578]]]}},{"type":"Feature","properties":{"id":"sajad/jirak","name":"Jirak","type":"desa","parentId":"sajad","code":"6101043001"},"geometry":{"type":"Polygon","coordinates":[[[109.36265,1.39497],[109.36155,1.40105],[109.36582,1.4063],[109.36677,1.4153],[109.34542,1.41381],[109.35029,1.39881],[109.36265,1.39497]]]}},{"type":"Feature","properties":{"id":"sajingan-besar/kaliau","name":"Kaliau'","type":"desa","parentId":"sajingan-besar","code":"6101080002"},"geometry":{"type":"Polygon","coordinates":[[[109.66168,1.62061],[109.6578,1.63662],[109.66701,1.65186],[109.66185,1.66888],[109.64881,1.66383],[109.61548,1.6337],[109.60329,1.63323],[109.59557,1.63613],[109.59049,1.63472],[109.58926,1.63286],[109.584,1.63559],[109.57409,1.63312],[109.57012,1.63383],[109.57364,1.62627],[109.57466,1.6065],[109.57443,1.60304],[109.56823,1.59072],[109.56667,1.57971],[109.58441,1.58061],[109.59325,1.57877],[109.59905,1.57387],[109.62193,1.57027],[109.63631,1.57127],[109.64046,1.57001],[109.64326,1.56667],[109.64905,1.57275],[109.65046,1.58402],[109.65354,1.59114],[109.65028,1.59744],[109.65397,1.60305],[109.65698,1.61376],[109.66168,1.62061]]]}},{"type":"Feature","properties":{"id":"paloh/kalimantan","name":"Kalimantan","type":"desa","parentId":"paloh","code":"6101090001"},"geometry":{"type":"Polygon","coordinates":[[[109.18587,1.59763],[109.19438,1.618],[109.16202,1.60386],[109.16531,1.60095],[109.17177,1.59872],[109.18587,1.59763]]]}},{"type":"Feature","properties":{"id":"subah/karaban-jaya","name":"Karaban Jaya","type":"desa","parentId":"subah","code":"6101041009"},"geometry":{"type":"Polygon","coordinates":[[[109.45181,1.22661],[109.45181,1.24609],[109.43572,1.24609],[109.43572,1.22661],[109.45181,1.22661]]]}},{"type":"Feature","properties":{"id":"sambas/kartiasa","name":"Kartiasa","type":"desa","parentId":"sambas","code":"6101040021"},"geometry":{"type":"Polygon","coordinates":[[[109.27837,1.40849],[109.27133,1.39948],[109.26744,1.38405],[109.2647,1.382],[109.25942,1.38213],[109.25362,1.37499],[109.27213,1.36649],[109.2895,1.40199],[109.28536,1.40275],[109.27837,1.40849]]]}},{"type":"Feature","properties":{"id":"selakau/kuala","name":"Kuala","type":"desa","parentId":"selakau","code":"6101010006"},"geometry":{"type":"Polygon","coordinates":[[[108.94255,1.09008],[108.94131,1.09023],[108.95007,1.06722],[108.95717,1.06195],[108.96212,1.06569],[108.9672,1.06516],[108.9626,1.08853],[108.95872,1.08868],[108.95637,1.08647],[108.94255,1.09008]]]}},{"type":"Feature","properties":{"id":"teluk-keramat/kuala-pangkalan-keramat","name":"Kuala Pangkalan Keramat","type":"desa","parentId":"teluk-keramat","code":"6101060019"},"geometry":{"type":"Polygon","coordinates":[[[109.28629,1.53938],[109.28053,1.5471],[109.27971,1.54109],[109.28148,1.53566],[109.28014,1.5205],[109.28365,1.50143],[109.28709,1.49549],[109.28608,1.48483],[109.29851,1.48],[109.30045,1.48991],[109.3042,1.49216],[109.30443,1.49723],[109.29751,1.50467],[109.29445,1.51081],[109.28629,1.53938]]]}},{"type":"Feature","properties":{"id":"teluk-keramat/kubangga","name":"Kubangga","type":"desa","parentId":"teluk-keramat","code":"6101060006"},"geometry":{"type":"Polygon","coordinates":[[[109.27491,1.40527],[109.25089,1.40626],[109.23976,1.40183],[109.24254,1.3971],[109.24197,1.393],[109.24855,1.39106],[109.25504,1.38727],[109.2595,1.38205],[109.26291,1.38179],[109.2679,1.38493],[109.27055,1.39736],[109.27491,1.40527]]]}},{"type":"Feature","properties":{"id":"jawai/lambau","name":"Lambau","type":"desa","parentId":"jawai","code":"6101050021"},"geometry":{"type":"Polygon","coordinates":[[[109.12965,1.36641],[109.12722,1.3718],[109.10252,1.37518],[109.07303,1.37494],[109.05874,1.37952],[109.04197,1.38115],[109.04378,1.37516],[109.05258,1.37389],[109.05418,1.3762],[109.06029,1.37509],[109.06958,1.36987],[109.07017,1.37158],[109.07489,1.37088],[109.0748,1.36909],[109.10873,1.36536],[109.12965,1.36641]]]}},{"type":"Feature","properties":{"id":"teluk-keramat/lela","name":"Lela","type":"desa","parentId":"teluk-keramat","code":"6101060008"},"geometry":{"type":"Polygon","coordinates":[[[109.23072,1.42683],[109.22109,1.42057],[109.21525,1.42242],[109.20871,1.42694],[109.1972,1.42477],[109.18737,1.42799],[109.18182,1.42673],[109.17774,1.42917],[109.16475,1.42651],[109.12864,1.42437],[109.11683,1.42037],[109.1181,1.41882],[109.11602,1.41029],[109.11952,1.39606],[109.15452,1.39399],[109.16377,1.39089],[109.18379,1.40091],[109.18867,1.40193],[109.20597,1.40103],[109.21157,1.39939],[109.2189,1.39059],[109.2282,1.38294],[109.23299,1.38839],[109.24197,1.393],[109.24254,1.39571],[109.23483,1.40984],[109.23317,1.42167],[109.23072,1.42683]]]}},{"type":"Feature","properties":{"id":"pemangkat/lonam","name":"Lonam","type":"desa","parentId":"pemangkat","code":"6101020018"},"geometry":{"type":"Polygon","coordinates":[[[109.00958,1.20699],[109.00172,1.20732],[109.00024,1.19923],[108.99117,1.18503],[108.99259,1.18295],[108.98984,1.18018],[109.00904,1.17586],[109.00958,1.20699]]]}},{"type":"Feature","properties":{"id":"sambas/lorong","name":"Lorong","type":"desa","parentId":"sambas","code":"6101040033"},"geometry":{"type":"Polygon","coordinates":[[[109.29872,1.36423],[109.29241,1.38038],[109.28346,1.38908],[109.27213,1.36649],[109.28932,1.35901],[109.29872,1.36423]]]}},{"type":"Feature","properties":{"id":"sambas/lubuk-dagang","name":"Lubuk Dagang","type":"desa","parentId":"sambas","code":"6101040028"},"geometry":{"type":"Polygon","coordinates":[[[109.37484,1.27911],[109.37287,1.28493],[109.37514,1.28787],[109.37257,1.29476],[109.36956,1.29528],[109.36786,1.2989],[109.36227,1.29949],[109.35827,1.30595],[109.36191,1.30873],[109.36506,1.3089],[109.36417,1.31168],[109.36577,1.31457],[109.36124,1.31879],[109.36306,1.3214],[109.36374,1.3283],[109.36063,1.32664],[109.35433,1.32638],[109.34985,1.33027],[109.35008,1.33287],[109.34655,1.33463],[109.34513,1.33833],[109.34283,1.33621],[109.33902,1.33731],[109.34107,1.34288],[109.33035,1.34524],[109.32344,1.35094],[109.31136,1.35059],[109.30637,1.34497],[109.31408,1.33558],[109.32329,1.31785],[109.32224,1.31342],[109.3241,1.30426],[109.32353,1.29534],[109.31987,1.28495],[109.33274,1.26539],[109.34361,1.25467],[109.35211,1.24865],[109.36806,1.26064],[109.36816,1.26358],[109.37039,1.26525],[109.3702,1.26755],[109.36811,1.26764],[109.37039,1.27117],[109.36896,1.27346],[109.37172,1.27477],[109.3723,1.27808],[109.37451,1.27748],[109.37484,1.27911]]]}},{"type":"Feature","properties":{"id":"sambas/lumbang","name":"Lumbang","type":"desa","parentId":"sambas","code":"6101040023"},"geometry":{"type":"Polygon","coordinates":[[[109.29085,1.33824],[109.27766,1.3462],[109.27428,1.33664],[109.28511,1.32635],[109.29985,1.31725],[109.31987,1.28495],[109.32391,1.29941],[109.3218,1.31566],[109.30975,1.32678],[109.30562,1.32765],[109.29085,1.33824]]]}},{"type":"Feature","properties":{"id":"subah/madak","name":"Madak","type":"desa","parentId":"subah","code":"6101041011"},"geometry":{"type":"Polygon","coordinates":[[[109.40215,1.23822],[109.37486,1.24187],[109.35206,1.24853],[109.3064,1.2147],[109.30477,1.21568],[109.30384,1.21289],[109.29272,1.21603],[109.29087,1.21381],[109.27466,1.21096],[109.26627,1.21414],[109.25925,1.19455],[109.2539,1.18996],[109.25482,1.17922],[109.26014,1.17407],[109.26682,1.17285],[109.27924,1.16689],[109.29107,1.16948],[109.30843,1.17858],[109.32039,1.17742],[109.33693,1.16617],[109.3483,1.15399],[109.35326,1.14638],[109.36499,1.1403],[109.37128,1.14681],[109.39377,1.16353],[109.39947,1.18115],[109.40482,1.18942],[109.40655,1.20007],[109.41177,1.20858],[109.40215,1.23822]]]}},{"type":"Feature","properties":{"id":"tebas/mak-rampai","name":"Mak Rampai","type":"desa","parentId":"tebas","code":"6101030020"},"geometry":{"type":"Polygon","coordinates":[[[109.14468,1.24851],[109.13981,1.24408],[109.15559,1.22593],[109.15145,1.21941],[109.15215,1.21739],[109.16003,1.21055],[109.16225,1.21306],[109.16814,1.20927],[109.17383,1.21602],[109.16359,1.22155],[109.16479,1.22457],[109.16203,1.22773],[109.1654,1.22577],[109.16702,1.22832],[109.15558,1.23715],[109.14468,1.24851]]]}},{"type":"Feature","properties":{"id":"tebas/mak-tangguk","name":"Mak Tangguk","type":"desa","parentId":"tebas","code":"6101030007"},"geometry":{"type":"Polygon","coordinates":[[[109.11575,1.1099],[109.11699,1.11124],[109.11616,1.12421],[109.11745,1.13],[109.11639,1.13719],[109.11078,1.1595],[109.10993,1.17054],[109.10587,1.17035],[109.10124,1.16919],[109.10237,1.15506],[109.11575,1.1099]]]}},{"type":"Feature","properties":{"id":"paloh/malek","name":"Malek","type":"desa","parentId":"paloh","code":"6101090004"},"geometry":{"type":"Polygon","coordinates":[[[109.28052,1.71978],[109.27034,1.71527],[109.26622,1.68956],[109.2718,1.68689],[109.28884,1.67198],[109.3007,1.66529],[109.30729,1.65817],[109.31336,1.64728],[109.33285,1.65388],[109.33435,1.65839],[109.34213,1.66722],[109.34392,1.67308],[109.33685,1.67964],[109.33464,1.68779],[109.32947,1.69582],[109.32135,1.70418],[109.31392,1.70791],[109.29055,1.71734],[109.28052,1.71978]]]}},{"type":"Feature","properties":{"id":"tebas/maribas","name":"Maribas","type":"desa","parentId":"tebas","code":"6101030002"},"geometry":{"type":"Polygon","coordinates":[[[109.22911,1.20093],[109.225,1.2023],[109.21822,1.19591],[109.21679,1.18598],[109.21616,1.16031],[109.22477,1.12729],[109.20881,1.12057],[109.2087,1.11112],[109.20537,1.11382],[109.20323,1.11988],[109.19883,1.11573],[109.18394,1.11342],[109.17801,1.11997],[109.17795,1.12386],[109.17565,1.12331],[109.17279,1.11954],[109.16861,1.11935],[109.16663,1.11593],[109.1642,1.11863],[109.15981,1.11863],[109.16233,1.11231],[109.15959,1.10705],[109.16107,1.10283],[109.15712,1.09708],[109.16175,1.08808],[109.16056,1.08444],[109.16204,1.08114],[109.17174,1.078],[109.17717,1.07808],[109.17777,1.07556],[109.18167,1.07404],[109.1815,1.07114],[109.18385,1.06954],[109.1841,1.06015],[109.18887,1.05003],[109.18638,1.03194],[109.19189,1.02866],[109.19711,1.0201],[109.20754,1.00918],[109.22043,1.00304],[109.22986,1.00222],[109.23195,1.00418],[109.23458,1.01686],[109.24626,1.02966],[109.24054,1.04151],[109.24117,1.06118],[109.24391,1.07565],[109.25064,1.08683],[109.25699,1.09038],[109.26371,1.09106],[109.2712,1.09562],[109.28032,1.09774],[109.29103,1.09817],[109.29988,1.10139],[109.33255,1.1035],[109.34072,1.11068],[109.34915,1.11529],[109.36766,1.11704],[109.36803,1.12524],[109.36756,1.12965],[109.36532,1.13298],[109.36498,1.14048],[109.35326,1.14638],[109.3483,1.15399],[109.33693,1.16617],[109.32039,1.17742],[109.30843,1.17858],[109.29107,1.16948],[109.27924,1.16689],[109.25637,1.17634],[109.25482,1.17922],[109.25402,1.19002],[109.25151,1.19314],[109.2467,1.19456],[109.24453,1.19797],[109.23775,1.19745],[109.2338,1.20045],[109.22911,1.20093]]]}},{"type":"Feature","properties":{"id":"paloh/matang-danau","name":"Matang Danau","type":"desa","parentId":"paloh","code":"6101090002"},"geometry":{"type":"Polygon","coordinates":[[[109.21736,1.6275],[109.21853,1.63161],[109.19438,1.618],[109.18587,1.59763],[109.20152,1.6027],[109.21349,1.60424],[109.21736,1.6275]]]}},{"type":"Feature","properties":{"id":"tebas/matang-labung","name":"Matang Labung","type":"desa","parentId":"tebas","code":"6101030006"},"geometry":{"type":"Polygon","coordinates":[[[109.12791,1.17272],[109.10993,1.17054],[109.11078,1.1595],[109.11745,1.13],[109.11616,1.12421],[109.11699,1.11124],[109.11575,1.1099],[109.11893,1.09866],[109.1287,1.1016],[109.13693,1.1086],[109.1379,1.11221],[109.12898,1.12389],[109.12592,1.13442],[109.12629,1.16204],[109.12791,1.17272]]]}},{"type":"Feature","properties":{"id":"teluk-keramat/matang-segantar","name":"Matang Segantar","type":"desa","parentId":"teluk-keramat","code":"6101060036"},"geometry":{"type":"Polygon","coordinates":[[[109.2479,1.55344],[109.23246,1.60591],[109.21357,1.60426],[109.2118,1.58658],[109.21471,1.56464],[109.21389,1.55524],[109.21504,1.55502],[109.21767,1.54453],[109.2215,1.54399],[109.2479,1.55344]]]}},{"type":"Feature","properties":{"id":"tekarang/matang-segarau","name":"Matang Segarau","type":"desa","parentId":"tekarang","code":"6101031001"},"geometry":{"type":"Polygon","coordinates":[[[109.09762,1.28203],[109.09536,1.2803],[109.07623,1.30464],[109.06169,1.29231],[109.06039,1.28718],[109.06293,1.27943],[109.07473,1.25831],[109.07853,1.25302],[109.09757,1.26077],[109.11612,1.23604],[109.128,1.23949],[109.10718,1.26648],[109.09762,1.28203]]]}},{"type":"Feature","properties":{"id":"jawai-selatan/matang-terap","name":"Matang Terap","type":"desa","parentId":"jawai-selatan","code":"6101051008"},"geometry":{"type":"Polygon","coordinates":[[[109.03286,1.282],[109.02177,1.28764],[109.01171,1.26225],[109.02414,1.26002],[109.03286,1.282]]]}},{"type":"Feature","properties":{"id":"sajad/mekar-jaya","name":"Mekar Jaya","type":"desa","parentId":"sajad","code":"6101043003"},"geometry":{"type":"Polygon","coordinates":[[[109.42484,1.41239],[109.40664,1.41658],[109.39806,1.41738],[109.39245,1.41615],[109.39623,1.40736],[109.39809,1.39339],[109.39774,1.36257],[109.38881,1.33806],[109.3911,1.31587],[109.39526,1.30095],[109.39507,1.29472],[109.39262,1.28954],[109.41029,1.29976],[109.42086,1.3104],[109.41647,1.34297],[109.41646,1.3556],[109.41913,1.36905],[109.42406,1.38272],[109.44117,1.40364],[109.44565,1.41228],[109.44232,1.41418],[109.43269,1.41119],[109.42484,1.41239]]]}},{"type":"Feature","properties":{"id":"tebas/mekar-sekuntum","name":"Mekar Sekuntum","type":"desa","parentId":"tebas","code":"6101030022"},"geometry":{"type":"Polygon","coordinates":[[[109.13674,1.2225],[109.12654,1.23916],[109.1162,1.23607],[109.11129,1.2323],[109.12794,1.21316],[109.13139,1.20608],[109.13559,1.20927],[109.1419,1.20207],[109.14844,1.20187],[109.15364,1.20373],[109.13674,1.2225]]]}},{"type":"Feature","properties":{"id":"teluk-keramat/mekar-sekuntum","name":"Mekar Sekuntum","type":"desa","parentId":"teluk-keramat","code":"6101060020"},"geometry":{"type":"Polygon","coordinates":[[[109.27641,1.48762],[109.28608,1.48483],[109.28709,1.49549],[109.28365,1.50143],[109.28191,1.51354],[109.27639,1.51238],[109.27743,1.50643],[109.27591,1.50639],[109.27654,1.5036],[109.27252,1.4987],[109.27297,1.49334],[109.27641,1.48762]]]}},{"type":"Feature","properties":{"id":"subah/mensade","name":"Mensade","type":"desa","parentId":"subah","code":"6101041002"},"geometry":{"type":"Polygon","coordinates":[[[109.51588,1.11994],[109.51976,1.13281],[109.51826,1.1428],[109.51964,1.15594],[109.4792,1.15435],[109.47992,1.11895],[109.50327,1.11735],[109.51588,1.11994]]]}},{"type":"Feature","properties":{"id":"tebas/mensere","name":"Mensere","type":"desa","parentId":"tebas","code":"6101030010"},"geometry":{"type":"Polygon","coordinates":[[[109.13139,1.20608],[109.12794,1.21316],[109.11129,1.2323],[109.10523,1.22714],[109.09726,1.22332],[109.11516,1.19626],[109.13139,1.20608]]]}},{"type":"Feature","properties":{"id":"paloh/mentibar","name":"Mentibar","type":"desa","parentId":"paloh","code":"6101090008"},"geometry":{"type":"Polygon","coordinates":[[[109.26927,1.68793],[109.26622,1.68956],[109.26249,1.67675],[109.25859,1.66989],[109.25128,1.65902],[109.24385,1.65141],[109.24941,1.64754],[109.26202,1.64269],[109.27347,1.623],[109.29185,1.63084],[109.31336,1.64728],[109.30729,1.65817],[109.3007,1.66529],[109.28884,1.67198],[109.26927,1.68793]]]}},{"type":"Feature","properties":{"id":"tangaran/merabuan","name":"Merabuan","type":"desa","parentId":"tangaran","code":"6101062007"},"geometry":{"type":"Polygon","coordinates":[[[109.21471,1.56464],[109.2118,1.58658],[109.21357,1.60426],[109.20152,1.6027],[109.18569,1.59748],[109.17683,1.58547],[109.17401,1.56353],[109.17758,1.55988],[109.17933,1.56187],[109.18238,1.56129],[109.18103,1.5644],[109.18305,1.56499],[109.21471,1.56464]]]}},{"type":"Feature","properties":{"id":"tangaran/merpati","name":"Merpati","type":"desa","parentId":"tangaran","code":"6101062003"},"geometry":{"type":"Polygon","coordinates":[[[109.18627,1.56455],[109.18121,1.56467],[109.18238,1.56129],[109.17933,1.56187],[109.17699,1.56033],[109.17888,1.53412],[109.18364,1.53423],[109.18577,1.53217],[109.19098,1.5317],[109.1906,1.5302],[109.21012,1.53639],[109.21182,1.53946],[109.21072,1.54166],[109.20282,1.5409],[109.20253,1.54494],[109.20021,1.54681],[109.19789,1.54402],[109.19666,1.54464],[109.19391,1.55166],[109.19042,1.55517],[109.19306,1.55737],[109.19162,1.55953],[109.18959,1.55858],[109.18627,1.56455]]]}},{"type":"Feature","properties":{"id":"tekarang/merubong","name":"Merubong","type":"desa","parentId":"tekarang","code":"6101031007"},"geometry":{"type":"Polygon","coordinates":[[[109.13119,1.33132],[109.12241,1.33176],[109.10957,1.32846],[109.12413,1.32082],[109.14313,1.30764],[109.15037,1.3006],[109.14713,1.28911],[109.16093,1.2839],[109.16777,1.29708],[109.14864,1.31602],[109.13931,1.33097],[109.13119,1.33132]]]}},{"type":"Feature","properties":{"id":"subah/mukti-raharja","name":"Mukti Raharja","type":"desa","parentId":"subah","code":"6101041008"},"geometry":{"type":"Polygon","coordinates":[[[109.47259,1.24653],[109.46563,1.29724],[109.45752,1.3113],[109.45265,1.33078],[109.44808,1.33712],[109.43447,1.32248],[109.41029,1.30038],[109.4103,1.29711],[109.40699,1.29186],[109.40558,1.28203],[109.40523,1.26376],[109.40215,1.23822],[109.4117,1.20878],[109.47861,1.21192],[109.47753,1.22828],[109.47564,1.2299],[109.47259,1.24653]],[[109.45181,1.22661],[109.43572,1.22661],[109.43572,1.24609],[109.45181,1.24609],[109.45181,1.22661]]]}},{"type":"Feature","properties":{"id":"teluk-keramat/mulia","name":"Mulia","type":"desa","parentId":"teluk-keramat","code":"6101060035"},"geometry":{"type":"Polygon","coordinates":[[[109.21471,1.56464],[109.18614,1.56472],[109.18959,1.55858],[109.19162,1.55953],[109.19306,1.55737],[109.19042,1.55517],[109.19391,1.55166],[109.19666,1.54464],[109.19789,1.54402],[109.20021,1.54681],[109.20253,1.54494],[109.20282,1.5409],[109.21072,1.54166],[109.21182,1.53946],[109.20977,1.53628],[109.21697,1.53475],[109.21818,1.53119],[109.22076,1.5305],[109.22304,1.53137],[109.22075,1.53342],[109.22075,1.53779],[109.21389,1.55524],[109.21471,1.56464]]]}},{"type":"Feature","properties":{"id":"jawai/mutus-darussalam","name":"Mutus Darussalam","type":"desa","parentId":"jawai","code":"6101050022"},"geometry":{"type":"Polygon","coordinates":[[[109.1101,1.42946],[109.10683,1.43687],[109.0742,1.43743],[109.0461,1.43432],[109.04845,1.43202],[109.0588,1.43359],[109.05892,1.4306],[109.07795,1.43119],[109.1101,1.42946]]]}},{"type":"Feature","properties":{"id":"paloh/nibung","name":"Nibung","type":"desa","parentId":"paloh","code":"6101090005"},"geometry":{"type":"Polygon","coordinates":[[[109.30843,1.76937],[109.30339,1.77035],[109.30055,1.76816],[109.29648,1.75978],[109.29198,1.75696],[109.28955,1.75319],[109.28852,1.74487],[109.28519,1.73964],[109.28642,1.73212],[109.28052,1.71978],[109.29055,1.71734],[109.32135,1.70418],[109.32947,1.69582],[109.33464,1.68779],[109.33685,1.67964],[109.34392,1.67308],[109.35318,1.68139],[109.35212,1.69384],[109.35325,1.69821],[109.36017,1.70388],[109.36715,1.71398],[109.38482,1.72269],[109.39228,1.73107],[109.40073,1.7352],[109.4049,1.74193],[109.39751,1.7441],[109.37847,1.74309],[109.36852,1.74432],[109.36034,1.74926],[109.35346,1.75584],[109.31534,1.76526],[109.30843,1.76937]]]}},{"type":"Feature","properties":{"id":"tangaran/pancur","name":"Pancur","type":"desa","parentId":"tangaran","code":"6101062005"},"geometry":{"type":"Polygon","coordinates":[[[109.15675,1.5615],[109.16233,1.56088],[109.16704,1.56425],[109.17347,1.56525],[109.17584,1.57006],[109.17468,1.57599],[109.17647,1.58412],[109.16527,1.58372],[109.16192,1.58606],[109.16042,1.58971],[109.15689,1.58999],[109.15675,1.5615]]]}},{"type":"Feature","properties":{"id":"selakau/pangkalan-bemban","name":"Pangkalan Bemban","type":"desa","parentId":"selakau","code":"6101010004"},"geometry":{"type":"Polygon","coordinates":[[[109.0134,1.0572],[109.01093,1.05582],[109.00661,1.06158],[109.00621,1.06377],[109.00906,1.06535],[109.00701,1.06717],[109.00323,1.06465],[109.00326,1.05922],[108.99802,1.05933],[108.99502,1.05775],[108.99518,1.0552],[108.99811,1.0532],[108.99521,1.04981],[108.99806,1.03721],[109.00965,1.03748],[109.01812,1.04039],[109.02061,1.04408],[109.02816,1.04056],[109.03099,1.04622],[109.0134,1.0572]]]}},{"type":"Feature","properties":{"id":"tebas/pangkalan-kongsi","name":"Pangkalan Kongsi","type":"desa","parentId":"tebas","code":"6101030013"},"geometry":{"type":"Polygon","coordinates":[[[109.16208,1.17745],[109.15943,1.18099],[109.1433,1.18629],[109.14064,1.17098],[109.15197,1.1673],[109.16208,1.17745]]]}},{"type":"Feature","properties":{"id":"selakau/parit-baru","name":"Parit Baru","type":"desa","parentId":"selakau","code":"6101010007"},"geometry":{"type":"Polygon","coordinates":[[[108.97982,1.08822],[108.9626,1.08853],[108.9672,1.06516],[108.97247,1.05892],[108.98228,1.05583],[108.97982,1.08822]]]}},{"type":"Feature","properties":{"id":"salatiga/parit-baru","name":"Parit Baru","type":"desa","parentId":"salatiga","code":"6101022001"},"geometry":{"type":"Polygon","coordinates":[[[108.98045,1.13242],[108.98045,1.13431],[108.97423,1.12924],[108.96869,1.12976],[108.96676,1.12525],[108.96681,1.11983],[108.96402,1.11844],[108.95796,1.11876],[108.95057,1.11389],[108.94907,1.11142],[108.95076,1.10736],[108.94801,1.10521],[108.94557,1.10589],[108.94262,1.11511],[108.93721,1.1198],[108.93399,1.12054],[108.92871,1.1115],[108.93279,1.10194],[108.93116,1.09977],[108.93176,1.09721],[108.93857,1.09449],[108.94131,1.09023],[108.95566,1.08654],[108.95876,1.08869],[109.00047,1.08927],[109.00917,1.10197],[109.00218,1.10626],[108.98193,1.11093],[108.98045,1.13242]]]}},{"type":"Feature","properties":{"id":"selakau/parit-kongsi","name":"Parit Kongsi","type":"desa","parentId":"selakau","code":"6101010010"},"geometry":{"type":"Polygon","coordinates":[[[109.00965,1.03748],[109.01885,1.03247],[109.0199,1.02643],[109.03882,1.02767],[109.0421,1.04716],[109.04039,1.05045],[109.04135,1.06082],[109.04615,1.06519],[109.04324,1.0704],[109.04176,1.07106],[109.03816,1.06746],[109.03154,1.06596],[109.02965,1.06318],[109.02757,1.06315],[109.02117,1.07002],[109.02098,1.07293],[109.02372,1.07718],[109.01983,1.07691],[109.01247,1.06692],[109.01527,1.06348],[109.0134,1.0572],[109.03099,1.04622],[109.02816,1.04056],[109.02061,1.04408],[109.01812,1.04039],[109.00965,1.03748]]]}},{"type":"Feature","properties":{"id":"sejangkung/parit-raja","name":"Parit Raja","type":"desa","parentId":"sejangkung","code":"6101070007"},"geometry":{"type":"Polygon","coordinates":[[[109.38249,1.44425],[109.37314,1.44563],[109.35576,1.45172],[109.33404,1.43958],[109.31844,1.43798],[109.31291,1.43391],[109.31512,1.4295],[109.31662,1.41725],[109.32373,1.40544],[109.3465,1.41415],[109.38072,1.41585],[109.38249,1.44425]]]}},{"type":"Feature","properties":{"id":"jawai/parit-setia","name":"Parit Setia","type":"desa","parentId":"jawai","code":"6101050014"},"geometry":{"type":"Polygon","coordinates":[[[109.0448,1.37236],[109.04287,1.37277],[109.04311,1.36105],[109.06384,1.35445],[109.0925,1.34821],[109.12729,1.34287],[109.12916,1.34099],[109.13119,1.33132],[109.13911,1.33093],[109.13471,1.35651],[109.09158,1.35757],[109.0448,1.37236]]]}},{"type":"Feature","properties":{"id":"sambas/pasar-melayu","name":"Pasar Melayu","type":"desa","parentId":"sambas","code":"6101040025"},"geometry":{"type":"Polygon","coordinates":[[[109.30649,1.36415],[109.30468,1.36481],[109.30354,1.35596],[109.31054,1.34921],[109.31544,1.35163],[109.31575,1.35899],[109.3143,1.36303],[109.31171,1.36142],[109.30649,1.36415]]]}},{"type":"Feature","properties":{"id":"teluk-keramat/pedada","name":"Pedada","type":"desa","parentId":"teluk-keramat","code":"6101060023"},"geometry":{"type":"Polygon","coordinates":[[[109.23694,1.51678],[109.23587,1.51896],[109.22929,1.52076],[109.20407,1.51685],[109.19768,1.51358],[109.20221,1.50822],[109.20221,1.50229],[109.20676,1.49425],[109.21752,1.49262],[109.22213,1.49695],[109.23029,1.49673],[109.22993,1.50414],[109.23621,1.50719],[109.23443,1.51277],[109.23694,1.51678]]]}},{"type":"Feature","properties":{"id":"jawai/pelimpaan","name":"Pelimpaan","type":"desa","parentId":"jawai","code":"6101050015"},"geometry":{"type":"Polygon","coordinates":[[[109.12965,1.36641],[109.10873,1.36536],[109.0748,1.36909],[109.07489,1.37088],[109.07017,1.37158],[109.06958,1.36987],[109.06029,1.37509],[109.05418,1.3762],[109.05258,1.37389],[109.04378,1.37516],[109.04274,1.3738],[109.08187,1.35995],[109.09827,1.3566],[109.13471,1.35651],[109.12965,1.36641]]]}},{"type":"Feature","properties":{"id":"pemangkat/pemangkat-kota","name":"Pemangkat Kota","type":"desa","parentId":"pemangkat","code":"6101020015"},"geometry":{"type":"Polygon","coordinates":[[[108.96922,1.18986],[108.96507,1.19032],[108.9683,1.17979],[108.97101,1.17623],[108.96485,1.16955],[108.95609,1.16597],[108.94742,1.16476],[108.92722,1.17565],[108.90597,1.17353],[108.90342,1.16819],[108.90304,1.16277],[108.90907,1.14999],[108.97339,1.14743],[108.98054,1.16851],[108.98329,1.16994],[108.98595,1.17628],[108.97177,1.17898],[108.97068,1.19],[108.96922,1.18986]]]}},{"type":"Feature","properties":{"id":"sejangkung/penakalan","name":"Penakalan","type":"desa","parentId":"sejangkung","code":"6101070011"},"geometry":{"type":"Polygon","coordinates":[[[109.30398,1.40897],[109.2962,1.42317],[109.27834,1.40852],[109.28617,1.40236],[109.29395,1.40199],[109.30686,1.40265],[109.30398,1.40897]]]}},{"type":"Feature","properties":{"id":"sambas/pendawan","name":"Pendawan","type":"desa","parentId":"sambas","code":"6101040026"},"geometry":{"type":"Polygon","coordinates":[[[109.3104,1.34935],[109.30397,1.35554],[109.29696,1.35485],[109.29443,1.34689],[109.30022,1.33978],[109.3104,1.34935]]]}},{"type":"Feature","properties":{"id":"pemangkat/penjajap","name":"Penjajap","type":"desa","parentId":"pemangkat","code":"6101020014"},"geometry":{"type":"Polygon","coordinates":[[[108.99062,1.18096],[108.99259,1.18295],[108.99117,1.18503],[109.00024,1.19923],[109.00173,1.20731],[108.99052,1.20826],[108.98094,1.20532],[108.97068,1.19],[108.97177,1.17898],[108.98486,1.17611],[108.99062,1.18096]]]}},{"type":"Feature","properties":{"id":"pemangkat/perapakan","name":"Perapakan","type":"desa","parentId":"pemangkat","code":"6101020011"},"geometry":{"type":"Polygon","coordinates":[[[109.01914,1.2075],[109.00958,1.20699],[109.00866,1.15726],[109.01381,1.13559],[109.0175,1.13673],[109.01823,1.14057],[109.02239,1.14051],[109.02403,1.14463],[109.02819,1.13917],[109.03485,1.13578],[109.03671,1.13761],[109.03408,1.14178],[109.03562,1.14367],[109.03377,1.15218],[109.03417,1.18672],[109.03223,1.20501],[109.01914,1.2075]]]}},{"type":"Feature","properties":{"id":"sejangkung/perigi-landu","name":"Perigi Landu","type":"desa","parentId":"sejangkung","code":"6101070006"},"geometry":{"type":"Polygon","coordinates":[[[109.38546,1.47563],[109.38636,1.49505],[109.36592,1.47428],[109.35139,1.47327],[109.34378,1.47011],[109.3441,1.445],[109.35576,1.45172],[109.37314,1.44563],[109.38249,1.44425],[109.38546,1.47563]]]}},{"type":"Feature","properties":{"id":"sejangkung/perigi-limus","name":"Perigi Limus","type":"desa","parentId":"sejangkung","code":"6101070003"},"geometry":{"type":"Polygon","coordinates":[[[109.46614,1.52309],[109.46115,1.52319],[109.45052,1.51586],[109.42809,1.50954],[109.42697,1.47213],[109.42975,1.46411],[109.43116,1.46404],[109.43127,1.46095],[109.4279,1.45863],[109.4317,1.45104],[109.42825,1.44851],[109.43253,1.44515],[109.42606,1.44218],[109.43068,1.43676],[109.42706,1.42952],[109.42484,1.41239],[109.43269,1.41119],[109.44232,1.41418],[109.45463,1.4086],[109.46918,1.41847],[109.46448,1.42602],[109.46899,1.42613],[109.47025,1.42773],[109.47049,1.47901],[109.4681,1.48073],[109.46788,1.48463],[109.47124,1.52257],[109.46614,1.52309]]]}},{"type":"Feature","properties":{"id":"sejangkung/piantus","name":"Piantus","type":"desa","parentId":"sejangkung","code":"6101070008"},"geometry":{"type":"Polygon","coordinates":[[[109.3441,1.445],[109.34378,1.47011],[109.33224,1.46493],[109.31976,1.46242],[109.3252,1.43892],[109.33404,1.43958],[109.3441,1.445]]]}},{"type":"Feature","properties":{"id":"teluk-keramat/pipit-teja","name":"Pipit Teja","type":"desa","parentId":"teluk-keramat","code":"6101060027"},"geometry":{"type":"Polygon","coordinates":[[[109.25414,1.53381],[109.2479,1.55344],[109.2215,1.54399],[109.21767,1.54453],[109.22075,1.53779],[109.22087,1.53319],[109.22468,1.53053],[109.22129,1.52653],[109.22256,1.52408],[109.22761,1.52585],[109.23201,1.5314],[109.25414,1.53381]]]}},{"type":"Feature","properties":{"id":"teluk-keramat/puringan","name":"Puringan","type":"desa","parentId":"teluk-keramat","code":"6101060005"},"geometry":{"type":"Polygon","coordinates":[[[109.2282,1.38294],[109.20994,1.40021],[109.18927,1.40174],[109.19098,1.3919],[109.19517,1.38786],[109.20452,1.386],[109.20803,1.38193],[109.20849,1.37801],[109.21445,1.37848],[109.2213,1.37168],[109.2282,1.38294]]]}},{"type":"Feature","properties":{"id":"tebas/pusaka","name":"Pusaka","type":"desa","parentId":"tebas","code":"6101030009"},"geometry":{"type":"Polygon","coordinates":[[[109.11516,1.19626],[109.09726,1.22332],[109.08501,1.21724],[109.10217,1.19735],[109.10804,1.18734],[109.10996,1.17899],[109.10935,1.17043],[109.12234,1.17265],[109.11987,1.18517],[109.11516,1.19626]]]}},{"type":"Feature","properties":{"id":"tekarang/rambayan","name":"Rambayan","type":"desa","parentId":"tekarang","code":"6101031002"},"geometry":{"type":"Polygon","coordinates":[[[109.10484,1.28531],[109.10354,1.28675],[109.09762,1.28203],[109.10718,1.26648],[109.128,1.23949],[109.14246,1.24602],[109.14633,1.25284],[109.1217,1.26996],[109.10484,1.28531]]]}},{"type":"Feature","properties":{"id":"galing/ratu-sepudak","name":"Ratu Sepudak","type":"desa","parentId":"galing","code":"6101061001"},"geometry":{"type":"Polygon","coordinates":[[[109.40952,1.50701],[109.4092,1.51197],[109.40334,1.52549],[109.38644,1.52595],[109.37987,1.51637],[109.369,1.51021],[109.36163,1.50265],[109.35829,1.50169],[109.35518,1.50385],[109.35382,1.50301],[109.35141,1.50682],[109.35274,1.49745],[109.34952,1.48685],[109.35585,1.48406],[109.3658,1.47437],[109.37827,1.48557],[109.38649,1.49549],[109.40223,1.50037],[109.40952,1.50701]]]}},{"type":"Feature","properties":{"id":"jawai-selatan/sabaran","name":"Sabaran","type":"desa","parentId":"jawai-selatan","code":"6101051005"},"geometry":{"type":"Polygon","coordinates":[[[109.07853,1.25302],[109.07199,1.26327],[109.04724,1.25281],[109.0559,1.241],[109.05864,1.2296],[109.06249,1.22675],[109.06416,1.20383],[109.07453,1.20653],[109.08487,1.21717],[109.09732,1.22336],[109.07853,1.25302]]]}},{"type":"Feature","properties":{"id":"teluk-keramat/sabing","name":"Sabing","type":"desa","parentId":"teluk-keramat","code":"6101060037"},"geometry":{"type":"Polygon","coordinates":[[[109.2755,1.49007],[109.27297,1.49334],[109.27252,1.4987],[109.27654,1.5036],[109.27591,1.50639],[109.27743,1.50643],[109.27639,1.51238],[109.28191,1.51354],[109.28014,1.5205],[109.28148,1.53566],[109.27971,1.54109],[109.28053,1.5471],[109.27142,1.55156],[109.26658,1.56202],[109.26315,1.53899],[109.26535,1.51546],[109.26495,1.48983],[109.2655,1.48748],[109.27641,1.48762],[109.2755,1.49007]]]}},{"type":"Feature","properties":{"id":"subah/sabung","name":"Sabung","type":"desa","parentId":"subah","code":"6101041007"},"geometry":{"type":"Polygon","coordinates":[[[109.40215,1.23822],[109.40523,1.26376],[109.40558,1.28203],[109.40699,1.29186],[109.4103,1.29711],[109.41029,1.29976],[109.37484,1.27911],[109.37451,1.27748],[109.3723,1.27808],[109.37172,1.27477],[109.36896,1.27346],[109.37039,1.27117],[109.36811,1.26764],[109.3702,1.26755],[109.37039,1.26525],[109.36816,1.26358],[109.36806,1.26064],[109.35117,1.24795],[109.37486,1.24187],[109.40215,1.23822]]]}},{"type":"Feature","properties":{"id":"galing/sagu","name":"Sagu","type":"desa","parentId":"galing","code":"6101061003"},"geometry":{"type":"Polygon","coordinates":[[[109.46085,1.73452],[109.437,1.73951],[109.42724,1.73873],[109.42184,1.73655],[109.41253,1.73839],[109.40636,1.74198],[109.40388,1.74129],[109.39968,1.73478],[109.40529,1.73341],[109.4064,1.73137],[109.40481,1.72561],[109.41003,1.70137],[109.40295,1.64031],[109.40168,1.63351],[109.39788,1.62755],[109.39197,1.62244],[109.38142,1.59946],[109.37767,1.59709],[109.38611,1.58083],[109.39963,1.57101],[109.40399,1.57013],[109.4089,1.57189],[109.41346,1.57005],[109.45071,1.58055],[109.44895,1.59468],[109.44572,1.60587],[109.43664,1.62265],[109.43458,1.63884],[109.43676,1.66754],[109.44039,1.67855],[109.44064,1.68804],[109.45451,1.70305],[109.4509,1.71935],[109.45664,1.73043],[109.46085,1.73452]]]}},{"type":"Feature","properties":{"id":"sambas/saing-rambi","name":"Saing Rambi","type":"desa","parentId":"sambas","code":"6101040022"},"geometry":{"type":"Polygon","coordinates":[[[109.27213,1.36649],[109.25362,1.37499],[109.23909,1.3529],[109.2617,1.32967],[109.26505,1.33286],[109.27471,1.33707],[109.27766,1.3462],[109.29085,1.33822],[109.29696,1.35485],[109.27213,1.36649]]]}},{"type":"Feature","properties":{"id":"salatiga/salatiga","name":"Salatiga","type":"desa","parentId":"salatiga","code":"6101022002"},"geometry":{"type":"Polygon","coordinates":[[[109.02103,1.14009],[109.01823,1.14057],[109.01726,1.13651],[109.009,1.13317],[109.00582,1.1357],[109.00321,1.13507],[109.00104,1.13182],[109.0021,1.1272],[108.99943,1.1257],[108.99528,1.12651],[108.99558,1.13294],[108.9926,1.13637],[108.98045,1.13431],[108.98193,1.11093],[109.00218,1.10626],[109.00917,1.10197],[109.01717,1.1052],[109.02865,1.10511],[109.02103,1.14009]]]}},{"type":"Feature","properties":{"id":"teluk-keramat/samustida","name":"Samustida","type":"desa","parentId":"teluk-keramat","code":"6101060026"},"geometry":{"type":"Polygon","coordinates":[[[109.26658,1.56202],[109.26465,1.56982],[109.25881,1.58033],[109.24495,1.59263],[109.23647,1.60426],[109.23526,1.60628],[109.23871,1.60714],[109.23239,1.60578],[109.25502,1.53131],[109.26313,1.53274],[109.26325,1.53162],[109.26658,1.56202]]]}},{"type":"Feature","properties":{"id":"sajingan-besar/sanatab","name":"Sanatab","type":"desa","parentId":"sajingan-besar","code":"6101080003"},"geometry":{"type":"Polygon","coordinates":[[[109.65743,1.6676],[109.66185,1.66888],[109.65992,1.67661],[109.66431,1.68294],[109.66089,1.69325],[109.66527,1.69761],[109.66987,1.69927],[109.66731,1.7123],[109.66812,1.72014],[109.66136,1.7195],[109.63794,1.71191],[109.61644,1.69872],[109.59563,1.69412],[109.58943,1.68735],[109.58485,1.68504],[109.56427,1.66218],[109.55944,1.6525],[109.56213,1.63937],[109.56416,1.63665],[109.57216,1.63303],[109.584,1.63559],[109.58926,1.63286],[109.59417,1.63613],[109.60329,1.63323],[109.61548,1.6337],[109.64881,1.66383],[109.65743,1.6676]]]}},{"type":"Feature","properties":{"id":"sajingan-besar/santaban","name":"Santaban","type":"desa","parentId":"sajingan-besar","code":"6101080004"},"geometry":{"type":"Polygon","coordinates":[[[109.66812,1.72014],[109.6677,1.73314],[109.67106,1.73774],[109.67169,1.74231],[109.67834,1.74912],[109.68058,1.7589],[109.68513,1.76842],[109.68354,1.7755],[109.68549,1.78214],[109.68318,1.78565],[109.66611,1.76664],[109.65539,1.7606],[109.64346,1.7575],[109.6125,1.74318],[109.60216,1.73585],[109.59635,1.72815],[109.58949,1.7235],[109.57948,1.72521],[109.54897,1.72634],[109.53323,1.72468],[109.52776,1.72257],[109.52193,1.71762],[109.51573,1.71627],[109.49961,1.71607],[109.48141,1.72223],[109.46123,1.73427],[109.45664,1.73043],[109.4509,1.71935],[109.45451,1.70305],[109.44373,1.69218],[109.44027,1.6866],[109.44039,1.67855],[109.43676,1.66754],[109.43458,1.63884],[109.43664,1.62265],[109.44572,1.60587],[109.44895,1.59468],[109.45088,1.57999],[109.45086,1.55826],[109.4536,1.53983],[109.45683,1.53434],[109.46462,1.52838],[109.46614,1.52309],[109.47663,1.52308],[109.48966,1.52566],[109.49943,1.52387],[109.50487,1.52022],[109.50882,1.52197],[109.53243,1.52235],[109.5466,1.52627],[109.55002,1.52903],[109.55687,1.53824],[109.56463,1.55411],[109.56615,1.56402],[109.56481,1.57111],[109.56714,1.58585],[109.57025,1.59621],[109.57443,1.60304],[109.57364,1.62627],[109.57018,1.63369],[109.56287,1.63764],[109.55944,1.6525],[109.56427,1.66218],[109.58485,1.68504],[109.58943,1.68735],[109.59563,1.69412],[109.61644,1.69872],[109.63794,1.71191],[109.66136,1.7195],[109.66812,1.72014]]]}},{"type":"Feature","properties":{"id":"jawai/sarang-burung-danau","name":"Sarang Burung Danau","type":"desa","parentId":"jawai","code":"6101050020"},"geometry":{"type":"Polygon","coordinates":[[[109.0734,1.51348],[109.07042,1.51806],[109.05943,1.52476],[109.05469,1.51836],[109.04149,1.485],[109.0368,1.45616],[109.10598,1.45977],[109.10647,1.46247],[109.09239,1.46906],[109.0734,1.51348]]]}},{"type":"Feature","properties":{"id":"jawai/sarang-burung-kolam","name":"Sarang Burung Kolam","type":"desa","parentId":"jawai","code":"6101050018"},"geometry":{"type":"Polygon","coordinates":[[[109.1101,1.42946],[109.07795,1.43119],[109.05892,1.4306],[109.0588,1.43359],[109.04845,1.43202],[109.0461,1.43432],[109.03988,1.43182],[109.03701,1.42826],[109.03824,1.42682],[109.03702,1.41716],[109.05153,1.41839],[109.05562,1.42009],[109.0687,1.42043],[109.0775,1.42307],[109.10525,1.41684],[109.11759,1.41689],[109.11802,1.4194],[109.11219,1.42408],[109.1101,1.42946]]]}},{"type":"Feature","properties":{"id":"jawai/sarang-burung-kuala","name":"Sarang Burung Kuala","type":"desa","parentId":"jawai","code":"6101050016"},"geometry":{"type":"Polygon","coordinates":[[[109.12185,1.38085],[109.11866,1.38188],[109.10956,1.39181],[109.09764,1.39478],[109.08615,1.40039],[109.06936,1.39774],[109.0599,1.3994],[109.03998,1.39555],[109.04197,1.38115],[109.05874,1.37952],[109.07303,1.37494],[109.10252,1.37518],[109.12828,1.37132],[109.12185,1.38085]]]}},{"type":"Feature","properties":{"id":"jawai/sarang-burung-usrat","name":"Sarang Burung Usrat","type":"desa","parentId":"jawai","code":"6101050017"},"geometry":{"type":"Polygon","coordinates":[[[109.0382,1.41723],[109.03697,1.41525],[109.03847,1.41224],[109.03796,1.40524],[109.04023,1.40164],[109.03998,1.39555],[109.0599,1.3994],[109.06936,1.39774],[109.08615,1.40039],[109.09764,1.39478],[109.10956,1.39181],[109.11866,1.38188],[109.12185,1.38085],[109.11602,1.41029],[109.11759,1.41689],[109.10525,1.41684],[109.0775,1.42307],[109.0687,1.42043],[109.05562,1.42009],[109.05153,1.41839],[109.0382,1.41723]]]}},{"type":"Feature","properties":{"id":"tekarang/sari-makmur","name":"Sari Makmur","type":"desa","parentId":"tekarang","code":"6101031003"},"geometry":{"type":"Polygon","coordinates":[[[109.10354,1.28675],[109.09789,1.29357],[109.10151,1.29589],[109.08822,1.31438],[109.07623,1.30464],[109.09536,1.2803],[109.10354,1.28675]]]}},{"type":"Feature","properties":{"id":"jawai-selatan/sarilaba-a","name":"Sarilaba A","type":"desa","parentId":"jawai-selatan","code":"6101051007"},"geometry":{"type":"Polygon","coordinates":[[[109.03781,1.27903],[109.03302,1.28204],[109.0311,1.27878],[109.02533,1.26469],[109.02207,1.25009],[109.03663,1.2503],[109.03781,1.27903]]]}},{"type":"Feature","properties":{"id":"jawai-selatan/sarilaba-b","name":"Sarilaba B","type":"desa","parentId":"jawai-selatan","code":"6101051003"},"geometry":{"type":"Polygon","coordinates":[[[109.03647,1.2503],[109.02207,1.25009],[109.01886,1.23495],[109.0131,1.23017],[109.01127,1.22627],[109.01439,1.21932],[109.01276,1.21704],[109.01282,1.20782],[109.04042,1.20401],[109.04259,1.21385],[109.04253,1.22354],[109.03647,1.2503]]]}},{"type":"Feature","properties":{"id":"teluk-keramat/sayang-sedayu","name":"Sayang Sedayu","type":"desa","parentId":"teluk-keramat","code":"6101060025"},"geometry":{"type":"Polygon","coordinates":[[[109.25502,1.53131],[109.25414,1.53381],[109.23201,1.5314],[109.22761,1.52585],[109.22938,1.52065],[109.23906,1.51697],[109.24567,1.52083],[109.25539,1.52356],[109.25626,1.52783],[109.25502,1.53131]]]}},{"type":"Feature","properties":{"id":"teluk-keramat/sebagu","name":"Sebagu","type":"desa","parentId":"teluk-keramat","code":"6101060013"},"geometry":{"type":"Polygon","coordinates":[[[109.28608,1.48483],[109.27641,1.48762],[109.2672,1.48762],[109.27175,1.47358],[109.26982,1.45395],[109.27274,1.45065],[109.29894,1.46533],[109.29773,1.47209],[109.29851,1.48],[109.28608,1.48483]]]}},{"type":"Feature","properties":{"id":"sebawi/sebangun","name":"Sebangun","type":"desa","parentId":"sebawi","code":"6101042004"},"geometry":{"type":"Polygon","coordinates":[[[109.19152,1.30979],[109.18238,1.31],[109.17816,1.31192],[109.16602,1.29351],[109.17903,1.28516],[109.17565,1.27751],[109.17821,1.27383],[109.1817,1.27467],[109.18547,1.27964],[109.1919,1.27903],[109.19594,1.28232],[109.19644,1.28495],[109.19483,1.28718],[109.19239,1.28723],[109.1889,1.28466],[109.18724,1.28589],[109.18985,1.29452],[109.19268,1.29712],[109.19152,1.30979]]]}},{"type":"Feature","properties":{"id":"pemangkat/sebatuan","name":"Sebatuan","type":"desa","parentId":"pemangkat","code":"6101020016"},"geometry":{"type":"Polygon","coordinates":[[[108.973,1.14745],[108.90919,1.14989],[108.92344,1.1189],[108.92871,1.1115],[108.93323,1.11968],[108.93613,1.1204],[108.94304,1.11458],[108.94543,1.1062],[108.94702,1.10509],[108.95068,1.10709],[108.94907,1.11142],[108.95023,1.11362],[108.95796,1.11876],[108.96622,1.11927],[108.96869,1.12976],[108.9735,1.12907],[108.973,1.14745]]]}},{"type":"Feature","properties":{"id":"sebawi/sebawi","name":"Sebawi","type":"desa","parentId":"sebawi","code":"6101042001"},"geometry":{"type":"Polygon","coordinates":[[[109.19268,1.29712],[109.18985,1.29452],[109.18757,1.28527],[109.1889,1.28466],[109.19239,1.28723],[109.19561,1.28656],[109.19546,1.28177],[109.21208,1.2664],[109.23987,1.23423],[109.24952,1.22742],[109.26799,1.2205],[109.26841,1.22531],[109.26486,1.22982],[109.26363,1.23655],[109.25954,1.24022],[109.25275,1.25825],[109.25078,1.2614],[109.24789,1.26186],[109.25078,1.26466],[109.25322,1.27378],[109.24909,1.28014],[109.2302,1.29334],[109.2165,1.28946],[109.21374,1.28729],[109.21024,1.28896],[109.20769,1.29613],[109.20489,1.29563],[109.19987,1.29132],[109.19268,1.29712]]]}},{"type":"Feature","properties":{"id":"sambas/sebayan","name":"Sebayan","type":"desa","parentId":"sambas","code":"6101040034"},"geometry":{"type":"Polygon","coordinates":[[[109.35029,1.39881],[109.34542,1.41381],[109.33111,1.40753],[109.34357,1.37835],[109.34394,1.36944],[109.35205,1.35707],[109.3647,1.35893],[109.36219,1.3701],[109.35307,1.38642],[109.35029,1.39881]]]}},{"type":"Feature","properties":{"id":"tebas/seberkat","name":"Seberkat","type":"desa","parentId":"tebas","code":"6101030017"},"geometry":{"type":"Polygon","coordinates":[[[109.20748,1.23287],[109.1883,1.24494],[109.18551,1.22519],[109.18106,1.21655],[109.17716,1.21758],[109.17614,1.21642],[109.18432,1.20628],[109.19822,1.19592],[109.20532,1.19261],[109.20845,1.19469],[109.21463,1.19408],[109.21996,1.19634],[109.225,1.2023],[109.23098,1.1998],[109.2338,1.20045],[109.23775,1.19745],[109.24453,1.19797],[109.24079,1.20367],[109.23992,1.21109],[109.23537,1.22101],[109.21974,1.22974],[109.20748,1.23287]]]}},{"type":"Feature","properties":{"id":"paloh/sebubus","name":"Sebubus","type":"desa","parentId":"paloh","code":"6101090006"},"geometry":{"type":"Polygon","coordinates":[[[109.55419,1.85627],[109.53715,1.87118],[109.52945,1.88041],[109.50912,1.89391],[109.47961,1.92371],[109.46568,1.93392],[109.45044,1.94132],[109.43127,1.9446],[109.42739,1.95012],[109.39411,1.9459],[109.34879,1.94544],[109.33757,1.9433],[109.3329,1.9339],[109.32217,1.92655],[109.32335,1.92065],[109.34344,1.87583],[109.34282,1.87098],[109.33456,1.85748],[109.33789,1.85862],[109.33739,1.85732],[109.33803,1.8628],[109.33892,1.86371],[109.34001,1.8624],[109.3375,1.85488],[109.33875,1.84432],[109.33729,1.83318],[109.32681,1.81839],[109.29088,1.7809],[109.2877,1.77689],[109.28729,1.77368],[109.30055,1.76816],[109.30634,1.77073],[109.31534,1.76526],[109.34904,1.75765],[109.37011,1.74395],[109.39874,1.74397],[109.40636,1.74198],[109.41253,1.73839],[109.42184,1.73655],[109.42724,1.73873],[109.437,1.73951],[109.46085,1.73452],[109.45704,1.74545],[109.4573,1.77631],[109.46718,1.8055],[109.47419,1.81182],[109.47733,1.81329],[109.50198,1.81331],[109.51817,1.80919],[109.52446,1.80603],[109.5421,1.80434],[109.55902,1.80727],[109.57134,1.81482],[109.58576,1.82028],[109.58162,1.83071],[109.58241,1.83546],[109.57943,1.83681],[109.57576,1.8438],[109.57624,1.84674],[109.57317,1.84266],[109.56372,1.84326],[109.56132,1.84858],[109.55503,1.8509],[109.55334,1.85355],[109.55419,1.85627]]]}},{"type":"Feature","properties":{"id":"sajingan-besar/sebunga","name":"Sebunga'","type":"desa","parentId":"sajingan-besar","code":"6101080001"},"geometry":{"type":"Polygon","coordinates":[[[109.7503,1.53747],[109.74301,1.5476],[109.73346,1.55319],[109.73229,1.55829],[109.72921,1.55871],[109.72649,1.5624],[109.72272,1.56189],[109.71981,1.56845],[109.71673,1.56831],[109.71315,1.57835],[109.70834,1.58128],[109.70704,1.58638],[109.70102,1.58494],[109.69685,1.58816],[109.69333,1.59517],[109.69486,1.59783],[109.68999,1.60387],[109.68853,1.60981],[109.68254,1.61195],[109.67761,1.61102],[109.66591,1.61402],[109.66594,1.61547],[109.66199,1.61742],[109.66168,1.62061],[109.65698,1.61376],[109.65397,1.60305],[109.65028,1.59744],[109.65354,1.59114],[109.65046,1.58402],[109.64905,1.57275],[109.63943,1.56266],[109.63417,1.56151],[109.6312,1.55897],[109.62571,1.55206],[109.60696,1.54031],[109.60652,1.51982],[109.60103,1.51706],[109.60035,1.51429],[109.60332,1.51015],[109.60699,1.49128],[109.60242,1.48575],[109.59076,1.4869],[109.58641,1.4839],[109.58573,1.4763],[109.56995,1.46847],[109.57133,1.45995],[109.57431,1.45535],[109.57797,1.45374],[109.58021,1.44902],[109.60873,1.43098],[109.60975,1.4326],[109.62279,1.43375],[109.63041,1.44048],[109.63931,1.44354],[109.6429,1.44294],[109.64559,1.43965],[109.6525,1.43586],[109.65837,1.43799],[109.67942,1.44982],[109.67872,1.45512],[109.68338,1.45842],[109.68444,1.46219],[109.69327,1.46401],[109.69533,1.46308],[109.70103,1.46717],[109.70419,1.47594],[109.71234,1.47381],[109.71969,1.4768],[109.7239,1.48553],[109.72734,1.4871],[109.73365,1.49688],[109.73694,1.49769],[109.74407,1.50571],[109.75007,1.52043],[109.74908,1.53356],[109.7503,1.53747]]]}},{"type":"Feature","properties":{"id":"semparuk/seburing","name":"Seburing","type":"desa","parentId":"semparuk","code":"6101021001"},"geometry":{"type":"Polygon","coordinates":[[[109.06831,1.15661],[109.06363,1.15268],[109.05884,1.15338],[109.05587,1.14792],[109.0518,1.15144],[109.04956,1.14969],[109.04544,1.14948],[109.04057,1.14564],[109.05304,1.12962],[109.06135,1.12169],[109.06711,1.10855],[109.07652,1.10566],[109.08722,1.11824],[109.09489,1.12049],[109.08237,1.14057],[109.07426,1.14779],[109.06831,1.15661]]]}},{"type":"Feature","properties":{"id":"tebas/segarau-parit","name":"Segarau Parit","type":"desa","parentId":"tebas","code":"6101030023"},"geometry":{"type":"Polygon","coordinates":[[[109.1162,1.23607],[109.09757,1.26077],[109.07853,1.25302],[109.0973,1.22334],[109.10523,1.22714],[109.1162,1.23607]]]}},{"type":"Feature","properties":{"id":"tebas/segedong","name":"Segedong","type":"desa","parentId":"tebas","code":"6101030008"},"geometry":{"type":"Polygon","coordinates":[[[109.10935,1.17043],[109.10996,1.17899],[109.10804,1.18734],[109.10217,1.19735],[109.08487,1.21717],[109.08174,1.21377],[109.08181,1.21],[109.08532,1.2009],[109.08522,1.19726],[109.09145,1.19057],[109.1013,1.16943],[109.10935,1.17043]]]}},{"type":"Feature","properties":{"id":"sajingan-besar/sei-bening","name":"Sei Bening","type":"desa","parentId":"sajingan-besar","code":"6101080005"},"geometry":{"type":"Polygon","coordinates":[[[109.68318,1.78565],[109.67343,1.78804],[109.66869,1.79337],[109.66037,1.79814],[109.64923,1.79598],[109.6429,1.79713],[109.63917,1.79928],[109.63804,1.80365],[109.6354,1.80536],[109.62997,1.80008],[109.62282,1.80328],[109.61247,1.79626],[109.60238,1.79585],[109.60049,1.79797],[109.58633,1.7919],[109.58133,1.79845],[109.57922,1.80504],[109.58069,1.80841],[109.584,1.80955],[109.58647,1.81264],[109.58515,1.81412],[109.58576,1.82028],[109.57134,1.81482],[109.55902,1.80727],[109.5421,1.80434],[109.52446,1.80603],[109.51817,1.80919],[109.50198,1.81331],[109.47733,1.81329],[109.46718,1.8055],[109.45826,1.78117],[109.45704,1.74545],[109.46085,1.73452],[109.48141,1.72223],[109.49961,1.71607],[109.51573,1.71627],[109.52193,1.71762],[109.52776,1.72257],[109.53323,1.72468],[109.54897,1.72634],[109.57948,1.72521],[109.58949,1.7235],[109.59635,1.72815],[109.60216,1.73585],[109.6125,1.74318],[109.64346,1.7575],[109.65539,1.7606],[109.66611,1.76664],[109.68318,1.78565]]]}},{"type":"Feature","properties":{"id":"subah/sei-deden","name":"Sei Deden","type":"desa","parentId":"subah","code":"6101041006"},"geometry":{"type":"Polygon","coordinates":[[[109.49743,1.34293],[109.4834,1.34776],[109.48081,1.35116],[109.4779,1.36304],[109.46252,1.34558],[109.44808,1.33712],[109.45265,1.33078],[109.45752,1.3113],[109.46563,1.29724],[109.47259,1.24653],[109.5421,1.25477],[109.55223,1.26547],[109.54848,1.27399],[109.52739,1.29347],[109.52024,1.30354],[109.51713,1.30998],[109.5129,1.33272],[109.50849,1.33759],[109.49743,1.34293]]]}},{"type":"Feature","properties":{"id":"jawai/sei-nilam","name":"Sei Nilam","type":"desa","parentId":"jawai","code":"6101050019"},"geometry":{"type":"Polygon","coordinates":[[[109.10598,1.45977],[109.0368,1.45616],[109.03682,1.42859],[109.0409,1.43234],[109.05649,1.43638],[109.10683,1.43687],[109.10338,1.45261],[109.10598,1.45977]]]}},{"type":"Feature","properties":{"id":"jawai/sei-nyirih","name":"Sei Nyirih","type":"desa","parentId":"jawai","code":"6101050012"},"geometry":{"type":"Polygon","coordinates":[[[109.04587,1.34864],[109.04203,1.35068],[109.0379,1.33445],[109.05579,1.32431],[109.07714,1.31956],[109.0883,1.31444],[109.1007,1.32596],[109.10954,1.32847],[109.08465,1.33688],[109.07055,1.3392],[109.04587,1.34864]]]}},{"type":"Feature","properties":{"id":"sambas/sei-rambah","name":"Sei Rambah","type":"desa","parentId":"sambas","code":"6101040019"},"geometry":{"type":"Polygon","coordinates":[[[109.31987,1.28495],[109.29862,1.31861],[109.28511,1.32635],[109.27428,1.33664],[109.26571,1.33324],[109.26164,1.32973],[109.26164,1.32599],[109.2564,1.31686],[109.27565,1.29946],[109.2828,1.29588],[109.30099,1.27651],[109.32632,1.25565],[109.33854,1.24939],[109.34453,1.24291],[109.35214,1.24869],[109.34361,1.25467],[109.33274,1.26539],[109.31987,1.28495]]]}},{"type":"Feature","properties":{"id":"subah/sei-sapak","name":"Sei Sapak","type":"desa","parentId":"subah","code":"6101041003"},"geometry":{"type":"Polygon","coordinates":[[[109.53735,1.19373],[109.53451,1.1946],[109.52986,1.19162],[109.51674,1.19161],[109.51081,1.18948],[109.47862,1.18868],[109.4792,1.15435],[109.51964,1.15594],[109.5264,1.17668],[109.53735,1.19373]]]}},{"type":"Feature","properties":{"id":"tebas/sejiram","name":"Sejiram","type":"desa","parentId":"tebas","code":"6101030016"},"geometry":{"type":"Polygon","coordinates":[[[109.18542,1.22505],[109.16854,1.22853],[109.1654,1.22577],[109.16174,1.22689],[109.16479,1.22457],[109.16359,1.22155],[109.17293,1.21721],[109.17383,1.21602],[109.17188,1.213],[109.17687,1.20842],[109.18003,1.21196],[109.17675,1.21455],[109.17632,1.21692],[109.18106,1.21655],[109.18542,1.22505]]]}},{"type":"Feature","properties":{"id":"sejangkung/sekuduk","name":"Sekuduk","type":"desa","parentId":"sejangkung","code":"6101070009"},"geometry":{"type":"Polygon","coordinates":[[[109.31976,1.46242],[109.30613,1.46544],[109.29894,1.46533],[109.27286,1.45068],[109.27966,1.44049],[109.28426,1.43834],[109.29653,1.42292],[109.30866,1.43012],[109.31732,1.4375],[109.3252,1.43892],[109.31976,1.46242]]]}},{"type":"Feature","properties":{"id":"teluk-keramat/sekura","name":"Sekura","type":"desa","parentId":"teluk-keramat","code":"6101060010"},"geometry":{"type":"Polygon","coordinates":[[[109.21752,1.49262],[109.2051,1.49425],[109.19702,1.49099],[109.17263,1.47254],[109.15217,1.46349],[109.13978,1.46069],[109.12633,1.46045],[109.1116,1.4558],[109.10347,1.45085],[109.1062,1.43839],[109.14111,1.44133],[109.15203,1.44702],[109.17342,1.45307],[109.1924,1.46134],[109.20528,1.46114],[109.21646,1.45682],[109.22982,1.45944],[109.22419,1.47296],[109.22029,1.47355],[109.21906,1.47544],[109.22348,1.48515],[109.21796,1.48936],[109.21752,1.49262]]]}},{"type":"Feature","properties":{"id":"selakau-timur/selakau-tua","name":"Selakau Tua","type":"desa","parentId":"selakau-timur","code":"6101011003"},"geometry":{"type":"Polygon","coordinates":[[[109.08484,1.00088],[109.08611,1.02676],[109.08505,1.03495],[109.08685,1.04557],[109.09814,1.05816],[109.11275,1.07],[109.11741,1.08532],[109.11902,1.09869],[109.11201,1.09462],[109.10094,1.09132],[109.08121,1.09245],[109.07653,1.08309],[109.06945,1.08177],[109.06448,1.07825],[109.05208,1.0609],[109.0484,1.04874],[109.0421,1.04716],[109.03912,1.03463],[109.03856,1.01587],[109.04969,1.01524],[109.05641,1.01256],[109.05929,1.01053],[109.05847,1.00643],[109.06031,1.00442],[109.06847,1.00569],[109.08484,1.00088]]]}},{"type":"Feature","properties":{"id":"sejangkung/semanga","name":"Semanga","type":"desa","parentId":"sejangkung","code":"6101070002"},"geometry":{"type":"Polygon","coordinates":[[[109.64326,1.56667],[109.64046,1.57001],[109.63631,1.57127],[109.62193,1.57027],[109.59905,1.57387],[109.59325,1.57877],[109.58441,1.58061],[109.56667,1.57971],[109.56481,1.57111],[109.56615,1.56402],[109.56463,1.55411],[109.55687,1.53824],[109.5466,1.52627],[109.53243,1.52235],[109.50882,1.52197],[109.50487,1.52022],[109.49943,1.52387],[109.48966,1.52566],[109.47111,1.52257],[109.46788,1.48463],[109.4681,1.48073],[109.47049,1.47901],[109.47025,1.42773],[109.46899,1.42613],[109.46448,1.42602],[109.46918,1.41847],[109.45463,1.4086],[109.46004,1.40586],[109.4622,1.40274],[109.47807,1.36321],[109.48081,1.35116],[109.48479,1.34654],[109.49743,1.34293],[109.49835,1.34687],[109.50451,1.35051],[109.51885,1.35396],[109.52203,1.35819],[109.53068,1.3582],[109.5408,1.36634],[109.54989,1.38741],[109.55457,1.39417],[109.55517,1.39982],[109.55365,1.40624],[109.5565,1.42044],[109.567,1.45383],[109.57144,1.45979],[109.56995,1.46847],[109.58573,1.4763],[109.58641,1.4839],[109.59076,1.4869],[109.59991,1.48529],[109.60242,1.48575],[109.60539,1.48898],[109.60699,1.49427],[109.60378,1.50325],[109.60332,1.51015],[109.60035,1.51429],[109.60103,1.51706],[109.60652,1.51982],[109.60696,1.54031],[109.62571,1.55206],[109.63417,1.56151],[109.63943,1.56266],[109.64326,1.56667]]]}},{"type":"Feature","properties":{"id":"sambas/semangau","name":"Semangau","type":"desa","parentId":"sambas","code":"6101040040"},"geometry":{"type":"Polygon","coordinates":[[[109.34453,1.24291],[109.33854,1.24939],[109.32632,1.25565],[109.30099,1.27651],[109.2828,1.29588],[109.27565,1.29946],[109.2564,1.31686],[109.24823,1.30631],[109.24632,1.30577],[109.25038,1.3009],[109.2521,1.29397],[109.26228,1.2879],[109.3092,1.25222],[109.33681,1.2372],[109.34453,1.24291]]]}},{"type":"Feature","properties":{"id":"sebawi/semanjang","name":"Semanjang","type":"desa","parentId":"sebawi","code":"6101042007"},"geometry":{"type":"Polygon","coordinates":[[[109.33681,1.2372],[109.30336,1.25609],[109.26228,1.2879],[109.25716,1.29004],[109.2521,1.29397],[109.25038,1.3009],[109.24661,1.30541],[109.23959,1.30155],[109.2375,1.29797],[109.2302,1.29334],[109.24668,1.2823],[109.25283,1.27523],[109.25078,1.26466],[109.24789,1.26186],[109.25078,1.2614],[109.25275,1.25825],[109.25954,1.24022],[109.26363,1.23655],[109.26486,1.22982],[109.26841,1.22531],[109.26825,1.21958],[109.26973,1.21932],[109.27464,1.21097],[109.29087,1.21381],[109.29272,1.21603],[109.30384,1.21289],[109.30477,1.21568],[109.3064,1.2147],[109.33681,1.2372]]]}},{"type":"Feature","properties":{"id":"tangaran/semata","name":"Semata","type":"desa","parentId":"tangaran","code":"6101062001"},"geometry":{"type":"Polygon","coordinates":[[[109.1906,1.5302],[109.19098,1.5317],[109.18577,1.53217],[109.18364,1.53423],[109.17888,1.53412],[109.17531,1.52825],[109.17002,1.52424],[109.14456,1.51231],[109.0965,1.51493],[109.08658,1.51093],[109.0734,1.51348],[109.08709,1.47977],[109.0955,1.48075],[109.10765,1.48537],[109.13037,1.48711],[109.13794,1.48985],[109.14766,1.49532],[109.15658,1.50351],[109.15568,1.50505],[109.17002,1.51056],[109.18879,1.50946],[109.19426,1.51371],[109.19752,1.51376],[109.1906,1.5302]]]}},{"type":"Feature","properties":{"id":"selakau/semelagi-besar","name":"Semelagi Besar","type":"desa","parentId":"selakau","code":"6101010001"},"geometry":{"type":"Polygon","coordinates":[[[109.03036,0.99017],[109.02345,1.01522],[109.00771,1.01381],[108.9777,1.0062],[108.97871,0.98917],[109.03036,0.99017]]]}},{"type":"Feature","properties":{"id":"tekarang/sempadian","name":"Sempadian","type":"desa","parentId":"tekarang","code":"6101031005"},"geometry":{"type":"Polygon","coordinates":[[[109.10957,1.32846],[109.1007,1.32596],[109.08822,1.31438],[109.10151,1.29589],[109.09789,1.29357],[109.10988,1.27946],[109.11838,1.27263],[109.13426,1.27756],[109.14072,1.28163],[109.1471,1.28913],[109.11629,1.30318],[109.12538,1.32003],[109.10957,1.32846]]]}},{"type":"Feature","properties":{"id":"tebas/sempalai","name":"Sempalai","type":"desa","parentId":"tebas","code":"6101030018"},"geometry":{"type":"Polygon","coordinates":[[[109.1883,1.24494],[109.15043,1.26242],[109.14685,1.25405],[109.15463,1.24781],[109.17028,1.24125],[109.18764,1.23845],[109.1883,1.24494]]]}},{"type":"Feature","properties":{"id":"semparuk/semparuk","name":"Semparuk","type":"desa","parentId":"semparuk","code":"6101021004"},"geometry":{"type":"Polygon","coordinates":[[[109.10148,1.16924],[109.09145,1.19057],[109.08522,1.19726],[109.08174,1.21377],[109.07752,1.20897],[109.07132,1.20525],[109.0541,1.20302],[109.05177,1.16806],[109.0521,1.15146],[109.05452,1.14794],[109.05587,1.14792],[109.05918,1.15361],[109.06363,1.15268],[109.06831,1.15661],[109.06973,1.16168],[109.07723,1.16375],[109.08127,1.16166],[109.08994,1.16938],[109.10148,1.16924]]]}},{"type":"Feature","properties":{"id":"sebawi/sempelai-sebedang","name":"Sempelai Sebedang","type":"desa","parentId":"sebawi","code":"6101042002"},"geometry":{"type":"Polygon","coordinates":[[[109.26182,1.20044],[109.25481,1.20595],[109.25079,1.21326],[109.2375,1.22661],[109.22814,1.23379],[109.20592,1.24309],[109.19126,1.25624],[109.18416,1.26555],[109.15616,1.27489],[109.15043,1.26242],[109.18419,1.2472],[109.20621,1.23345],[109.21974,1.22974],[109.23537,1.22101],[109.23992,1.21109],[109.24079,1.20367],[109.2467,1.19456],[109.25151,1.19314],[109.25402,1.19002],[109.25844,1.19325],[109.26182,1.20044]]]}},{"type":"Feature","properties":{"id":"jawai-selatan/semperiuk-a","name":"Semperiuk A","type":"desa","parentId":"jawai-selatan","code":"6101051006"},"geometry":{"type":"Polygon","coordinates":[[[109.06264,1.2802],[109.04584,1.2833],[109.04009,1.28289],[109.03724,1.27664],[109.03663,1.2503],[109.04114,1.25043],[109.07219,1.26338],[109.06264,1.2802]]]}},{"type":"Feature","properties":{"id":"jawai-selatan/semperiuk-b","name":"Semperiuk B","type":"desa","parentId":"jawai-selatan","code":"6101051004"},"geometry":{"type":"Polygon","coordinates":[[[109.06416,1.20383],[109.06249,1.22675],[109.05864,1.2296],[109.0559,1.241],[109.04724,1.25281],[109.03647,1.2503],[109.04253,1.22354],[109.04259,1.21385],[109.04042,1.20401],[109.06416,1.20383]]]}},{"type":"Feature","properties":{"id":"subah/sempurna","name":"Sempurna","type":"desa","parentId":"subah","code":"6101041004"},"geometry":{"type":"Polygon","coordinates":[[[109.60471,1.25027],[109.60225,1.25074],[109.60164,1.2538],[109.59785,1.25374],[109.5853,1.24571],[109.57382,1.2441],[109.563,1.24601],[109.55557,1.24856],[109.55269,1.25595],[109.55223,1.26547],[109.55023,1.2643],[109.5407,1.25187],[109.54039,1.24708],[109.54388,1.23782],[109.54135,1.22855],[109.53627,1.22248],[109.53311,1.21257],[109.53343,1.20235],[109.53597,1.19372],[109.54022,1.19373],[109.55186,1.20034],[109.58898,1.20199],[109.59825,1.2126],[109.59991,1.21691],[109.60157,1.22387],[109.60124,1.23845],[109.60471,1.25027]]]}},{"type":"Feature","properties":{"id":"sejangkung/sendoyan","name":"Sendoyan","type":"desa","parentId":"sejangkung","code":"6101070005"},"geometry":{"type":"Polygon","coordinates":[[[109.42733,1.47531],[109.38546,1.47563],[109.38072,1.41585],[109.40156,1.41715],[109.42484,1.41239],[109.42706,1.42952],[109.43068,1.43676],[109.42606,1.44218],[109.43253,1.44515],[109.42825,1.44851],[109.4317,1.45104],[109.4279,1.45863],[109.43127,1.46095],[109.43116,1.46404],[109.42975,1.46411],[109.42697,1.47213],[109.42733,1.47531]]]}},{"type":"Feature","properties":{"id":"teluk-keramat/sengawang","name":"Sengawang","type":"desa","parentId":"teluk-keramat","code":"6101060002"},"geometry":{"type":"Polygon","coordinates":[[[109.18884,1.32611],[109.15855,1.35279],[109.15106,1.35598],[109.13467,1.35663],[109.13787,1.34063],[109.15173,1.33558],[109.17968,1.31428],[109.18884,1.32611]]]}},{"type":"Feature","properties":{"id":"jawai/sentebang","name":"Sentebang","type":"desa","parentId":"jawai","code":"6101050011"},"geometry":{"type":"Polygon","coordinates":[[[109.0883,1.31444],[109.07714,1.31956],[109.05223,1.32561],[109.0379,1.33445],[109.02855,1.31885],[109.04523,1.30878],[109.06505,1.30375],[109.06991,1.29966],[109.0883,1.31444]]]}},{"type":"Feature","properties":{"id":"sejangkung/senujuh","name":"Senujuh","type":"desa","parentId":"sejangkung","code":"6101070004"},"geometry":{"type":"Polygon","coordinates":[[[109.42808,1.50928],[109.41088,1.50769],[109.40223,1.50037],[109.38649,1.49549],[109.38546,1.47563],[109.42733,1.47531],[109.42808,1.50928]]]}},{"type":"Feature","properties":{"id":"semparuk/sepadu","name":"Sepadu","type":"desa","parentId":"semparuk","code":"6101021002"},"geometry":{"type":"Polygon","coordinates":[[[109.11575,1.1099],[109.11095,1.12648],[109.08722,1.11824],[109.07642,1.10589],[109.08136,1.09916],[109.08123,1.09245],[109.09816,1.09104],[109.11201,1.09462],[109.11893,1.09866],[109.11575,1.1099]]]}},{"type":"Feature","properties":{"id":"teluk-keramat/sepadu","name":"Sepadu","type":"desa","parentId":"teluk-keramat","code":"6101060011"},"geometry":{"type":"Polygon","coordinates":[[[109.27073,1.45805],[109.24637,1.4638],[109.24324,1.46579],[109.23556,1.4778],[109.22344,1.47332],[109.23098,1.4551],[109.2276,1.43676],[109.23082,1.42663],[109.25596,1.43103],[109.2641,1.4452],[109.27274,1.45065],[109.26995,1.45342],[109.27073,1.45805]]]}},{"type":"Feature","properties":{"id":"sejangkung/sepantai","name":"Sepantai","type":"desa","parentId":"sejangkung","code":"6101070001"},"geometry":{"type":"Polygon","coordinates":[[[109.60873,1.43098],[109.58021,1.44902],[109.57797,1.45374],[109.57431,1.45535],[109.57144,1.45979],[109.567,1.45383],[109.5565,1.42044],[109.55365,1.40624],[109.55517,1.39982],[109.55457,1.39417],[109.54989,1.38741],[109.5408,1.36634],[109.53068,1.3582],[109.52203,1.35819],[109.51885,1.35396],[109.50565,1.35097],[109.49792,1.34609],[109.49743,1.34293],[109.50849,1.33759],[109.51368,1.3315],[109.51713,1.30998],[109.52024,1.30354],[109.52739,1.29347],[109.54848,1.27399],[109.5507,1.27037],[109.55416,1.25061],[109.55557,1.24856],[109.56578,1.24531],[109.57382,1.2441],[109.5853,1.24571],[109.59785,1.25374],[109.60164,1.2538],[109.60225,1.25074],[109.60471,1.25027],[109.61002,1.26039],[109.61079,1.27497],[109.60721,1.28604],[109.61406,1.30145],[109.62149,1.31179],[109.62616,1.3262],[109.62643,1.3319],[109.61878,1.35533],[109.61504,1.36333],[109.61098,1.36782],[109.59986,1.3736],[109.59707,1.37057],[109.59205,1.36984],[109.57778,1.37495],[109.57544,1.37716],[109.5762,1.38143],[109.57964,1.38374],[109.58679,1.38576],[109.59387,1.38558],[109.6038,1.39095],[109.6094,1.38881],[109.60909,1.39357],[109.60258,1.40065],[109.60138,1.40473],[109.60236,1.40756],[109.60639,1.40903],[109.6031,1.41682],[109.60848,1.42543],[109.60873,1.43098]]]}},{"type":"Feature","properties":{"id":"semparuk/sepinggan","name":"Sepinggan","type":"desa","parentId":"semparuk","code":"6101021003"},"geometry":{"type":"Polygon","coordinates":[[[109.10125,1.16916],[109.08994,1.16938],[109.08127,1.16166],[109.07668,1.16374],[109.06885,1.1608],[109.06831,1.15661],[109.07127,1.15128],[109.08237,1.14057],[109.09483,1.12059],[109.11095,1.12648],[109.10237,1.15506],[109.10125,1.16916]]]}},{"type":"Feature","properties":{"id":"sebawi/sepuk-tanjung","name":"Sepuk Tanjung","type":"desa","parentId":"sebawi","code":"6101042003"},"geometry":{"type":"Polygon","coordinates":[[[109.19546,1.28177],[109.19068,1.27875],[109.18547,1.27964],[109.1817,1.27467],[109.17821,1.27383],[109.17565,1.27751],[109.17903,1.28516],[109.16602,1.29351],[109.15616,1.27489],[109.18416,1.26555],[109.19126,1.25624],[109.20592,1.24309],[109.22814,1.23379],[109.2375,1.22661],[109.25079,1.21326],[109.25481,1.20595],[109.26182,1.20044],[109.26323,1.20863],[109.26627,1.21414],[109.27464,1.21097],[109.26799,1.2205],[109.24952,1.22742],[109.23987,1.23423],[109.21208,1.2664],[109.19546,1.28177]]]}},{"type":"Feature","properties":{"id":"selakau-timur/seranggam","name":"Seranggam","type":"desa","parentId":"selakau-timur","code":"6101011002"},"geometry":{"type":"Polygon","coordinates":[[[109.08121,1.09245],[109.06499,1.09686],[109.05942,1.08343],[109.05469,1.08095],[109.04369,1.06993],[109.04615,1.06519],[109.04135,1.06082],[109.04121,1.0474],[109.0484,1.04874],[109.05208,1.0609],[109.06448,1.07825],[109.06945,1.08177],[109.07653,1.08309],[109.08121,1.09245]]]}},{"type":"Feature","properties":{"id":"tebas/seret-ayon","name":"Seret Ayon","type":"desa","parentId":"tebas","code":"6101030001"},"geometry":{"type":"Polygon","coordinates":[[[109.4076,1.05254],[109.39261,1.06159],[109.39155,1.06446],[109.37596,1.06886],[109.37571,1.07247],[109.37359,1.07486],[109.37378,1.08273],[109.37051,1.10019],[109.37045,1.10496],[109.37288,1.10687],[109.37229,1.10986],[109.36766,1.11704],[109.36444,1.11695],[109.34915,1.11529],[109.34072,1.11068],[109.33255,1.1035],[109.29988,1.10139],[109.29103,1.09817],[109.28032,1.09774],[109.2712,1.09562],[109.26371,1.09106],[109.25699,1.09038],[109.25064,1.08683],[109.245,1.07807],[109.24211,1.06805],[109.24054,1.04151],[109.24626,1.02966],[109.25201,1.03601],[109.27442,1.04232],[109.29347,1.04097],[109.31197,1.04617],[109.32722,1.04639],[109.33233,1.04479],[109.33975,1.04683],[109.34295,1.04477],[109.34637,1.04594],[109.35304,1.04182],[109.36059,1.04602],[109.36933,1.0471],[109.37673,1.04664],[109.38058,1.04412],[109.3888,1.04422],[109.39973,1.04663],[109.4076,1.05254]]]}},{"type":"Feature","properties":{"id":"tebas/serindang","name":"Serindang","type":"desa","parentId":"tebas","code":"6101030005"},"geometry":{"type":"Polygon","coordinates":[[[109.13128,1.17241],[109.1279,1.17274],[109.12654,1.16566],[109.12592,1.13442],[109.12898,1.12389],[109.13798,1.11296],[109.13933,1.11731],[109.14441,1.12291],[109.14026,1.12513],[109.13639,1.1351],[109.13758,1.17169],[109.13128,1.17241]]]}},{"type":"Feature","properties":{"id":"salatiga/serumpun","name":"Serumpun","type":"desa","parentId":"salatiga","code":"6101022004"},"geometry":{"type":"Polygon","coordinates":[[[109.04351,1.11535],[109.03935,1.11552],[109.03924,1.11171],[109.02758,1.11343],[109.02865,1.10511],[109.04529,1.10259],[109.08123,1.09245],[109.08136,1.09916],[109.07642,1.10575],[109.05387,1.11387],[109.04351,1.11535]]]}},{"type":"Feature","properties":{"id":"tebas/serumpun-buluh","name":"Serumpun Buluh","type":"desa","parentId":"tebas","code":"6101030012"},"geometry":{"type":"Polygon","coordinates":[[[109.14186,1.20208],[109.13559,1.20927],[109.12806,1.2041],[109.13236,1.19736],[109.13392,1.19012],[109.13128,1.17241],[109.14064,1.17098],[109.14376,1.18954],[109.14186,1.20208]]]}},{"type":"Feature","properties":{"id":"salatiga/serunai","name":"Serunai","type":"desa","parentId":"salatiga","code":"6101022005"},"geometry":{"type":"Polygon","coordinates":[[[109.06711,1.10855],[109.06135,1.12169],[109.05304,1.12962],[109.04057,1.14564],[109.04033,1.14008],[109.03471,1.14352],[109.0341,1.14153],[109.03671,1.13761],[109.03422,1.13585],[109.03835,1.12944],[109.04351,1.11535],[109.05387,1.11387],[109.06711,1.10855]]]}},{"type":"Feature","properties":{"id":"sejangkung/setalik","name":"Setalik","type":"desa","parentId":"sejangkung","code":"6101070010"},"geometry":{"type":"Polygon","coordinates":[[[109.32373,1.40544],[109.31662,1.41725],[109.31512,1.4295],[109.31291,1.43391],[109.2962,1.42317],[109.30184,1.41493],[109.30686,1.40265],[109.32373,1.40544]]]}},{"type":"Feature","properties":{"id":"galing/sijang","name":"Sijang","type":"desa","parentId":"galing","code":"6101061009"},"geometry":{"type":"Polygon","coordinates":[[[109.46614,1.52309],[109.46462,1.52838],[109.45683,1.53434],[109.4536,1.53983],[109.45053,1.56262],[109.45065,1.58055],[109.41346,1.57005],[109.4089,1.57189],[109.40399,1.57013],[109.40011,1.57084],[109.39542,1.57526],[109.39075,1.5763],[109.3956,1.55808],[109.41514,1.54058],[109.43126,1.52984],[109.44459,1.51838],[109.44893,1.51535],[109.46115,1.52319],[109.46614,1.52309]]]}},{"type":"Feature","properties":{"id":"tangaran/simpang-empat","name":"Simpang Empat","type":"desa","parentId":"tangaran","code":"6101062004"},"geometry":{"type":"Polygon","coordinates":[[[109.17347,1.56525],[109.16704,1.56425],[109.16233,1.56088],[109.14025,1.56136],[109.13579,1.55986],[109.11224,1.57392],[109.09329,1.55765],[109.05943,1.52476],[109.07042,1.51806],[109.0734,1.51348],[109.08305,1.51115],[109.08856,1.51093],[109.0965,1.51493],[109.13288,1.5123],[109.14699,1.51276],[109.17318,1.52624],[109.17889,1.53412],[109.17699,1.56033],[109.17347,1.56525]]]}},{"type":"Feature","properties":{"id":"semparuk/singaraya","name":"Singaraya","type":"desa","parentId":"semparuk","code":"6101021005"},"geometry":{"type":"Polygon","coordinates":[[[109.04042,1.20401],[109.03223,1.20501],[109.03417,1.18672],[109.03377,1.15218],[109.03562,1.14367],[109.0399,1.13998],[109.04104,1.14135],[109.0398,1.1451],[109.04544,1.14948],[109.0521,1.15146],[109.0541,1.20302],[109.04042,1.20401]]]}},{"type":"Feature","properties":{"id":"jawai-selatan/suah-api","name":"Suah Api","type":"desa","parentId":"jawai-selatan","code":"6101051009"},"geometry":{"type":"Polygon","coordinates":[[[109.06387,1.29432],[109.05357,1.29752],[109.04797,1.29733],[109.0389,1.29031],[109.03302,1.28204],[109.03785,1.279],[109.04111,1.28358],[109.06264,1.2802],[109.06029,1.28884],[109.06387,1.29432]]]}},{"type":"Feature","properties":{"id":"sejangkung/sulung","name":"Sulung","type":"desa","parentId":"sejangkung","code":"6101070012"},"geometry":{"type":"Polygon","coordinates":[[[109.29624,1.4232],[109.28426,1.43834],[109.27966,1.44049],[109.27286,1.45068],[109.2641,1.4452],[109.25872,1.43761],[109.25526,1.42702],[109.25629,1.42364],[109.27837,1.40849],[109.29624,1.4232]]]}},{"type":"Feature","properties":{"id":"sambas/sumber-harapan","name":"Sumber Harapan","type":"desa","parentId":"sambas","code":"6101040035"},"geometry":{"type":"Polygon","coordinates":[[[109.36265,1.39497],[109.35029,1.39881],[109.35307,1.38642],[109.36219,1.3701],[109.36516,1.35912],[109.37642,1.36305],[109.3705,1.38293],[109.36574,1.39285],[109.36265,1.39497]]]}},{"type":"Feature","properties":{"id":"teluk-keramat/sungai-baru","name":"Sungai Baru","type":"desa","parentId":"teluk-keramat","code":"6101060003"},"geometry":{"type":"Polygon","coordinates":[[[109.20032,1.3426],[109.16618,1.36606],[109.1392,1.37801],[109.12185,1.38086],[109.12718,1.37399],[109.13467,1.35663],[109.15106,1.35598],[109.15855,1.35279],[109.18884,1.32611],[109.20032,1.3426]]]}},{"type":"Feature","properties":{"id":"selakau/sungai-daun","name":"Sungai Daun","type":"desa","parentId":"selakau","code":"6101010002"},"geometry":{"type":"Polygon","coordinates":[[[109.03856,1.01587],[109.03882,1.02767],[108.98835,1.02624],[108.97575,1.0199],[108.9777,1.0062],[109.00771,1.01381],[109.03856,1.01587]]]}},{"type":"Feature","properties":{"id":"tebas/sungai-kelambu","name":"Sungai Kelambu","type":"desa","parentId":"tebas","code":"6101030011"},"geometry":{"type":"Polygon","coordinates":[[[109.13128,1.17241],[109.13392,1.19012],[109.13236,1.19736],[109.12806,1.2041],[109.11516,1.19626],[109.11987,1.18517],[109.12234,1.17265],[109.13128,1.17241]]]}},{"type":"Feature","properties":{"id":"teluk-keramat/sungai-kumpai","name":"Sungai Kumpai","type":"desa","parentId":"teluk-keramat","code":"6101060009"},"geometry":{"type":"Polygon","coordinates":[[[109.22982,1.45944],[109.21646,1.45682],[109.20528,1.46114],[109.1924,1.46134],[109.17342,1.45307],[109.15203,1.44702],[109.14111,1.44133],[109.1062,1.43839],[109.11219,1.42408],[109.11683,1.42037],[109.12864,1.42437],[109.16475,1.42651],[109.17684,1.42916],[109.18182,1.42673],[109.18737,1.42799],[109.1972,1.42477],[109.20871,1.42694],[109.21525,1.42242],[109.22109,1.42057],[109.23072,1.42683],[109.2276,1.43676],[109.23105,1.45216],[109.22982,1.45944]]]}},{"type":"Feature","properties":{"id":"selakau/sungai-nyirih","name":"Sungai Nyirih","type":"desa","parentId":"selakau","code":"6101010005"},"geometry":{"type":"Polygon","coordinates":[[[108.9672,1.06516],[108.96212,1.06569],[108.95717,1.06195],[108.96888,1.03925],[108.97806,1.0398],[108.99806,1.03721],[108.99521,1.04981],[108.99199,1.05173],[108.99204,1.05603],[108.9856,1.05357],[108.97247,1.05892],[108.9672,1.06516]]]}},{"type":"Feature","properties":{"id":"galing/sungai-palah","name":"Sungai Palah","type":"desa","parentId":"galing","code":"6101061002"},"geometry":{"type":"Polygon","coordinates":[[[109.37767,1.59709],[109.37112,1.59213],[109.36511,1.57964],[109.36193,1.56146],[109.36247,1.54286],[109.36711,1.54479],[109.37373,1.55381],[109.38503,1.53764],[109.38648,1.52595],[109.40334,1.52549],[109.4092,1.51197],[109.40952,1.50701],[109.42299,1.50805],[109.44893,1.51535],[109.43126,1.52984],[109.41514,1.54058],[109.3956,1.55808],[109.39058,1.57696],[109.38611,1.58083],[109.37767,1.59709]]]}},{"type":"Feature","properties":{"id":"selakau/sungai-rusa","name":"Sungai Rusa","type":"desa","parentId":"selakau","code":"6101010003"},"geometry":{"type":"Polygon","coordinates":[[[108.99806,1.03721],[108.9748,1.03972],[108.96888,1.03927],[108.96883,1.03501],[108.97161,1.03237],[108.97575,1.0199],[108.98835,1.02624],[109.0199,1.02642],[109.01885,1.03247],[109.01065,1.03717],[108.99806,1.03721]]]}},{"type":"Feature","properties":{"id":"teluk-keramat/sungai-serabek","name":"Sungai Serabek","type":"desa","parentId":"teluk-keramat","code":"6101060022"},"geometry":{"type":"Polygon","coordinates":[[[109.24143,1.48439],[109.23924,1.49028],[109.24571,1.49668],[109.24978,1.50857],[109.25396,1.51392],[109.25548,1.52361],[109.23694,1.51678],[109.23443,1.51277],[109.23621,1.50719],[109.22993,1.50414],[109.23029,1.49673],[109.22283,1.49717],[109.21768,1.4931],[109.21796,1.48936],[109.22348,1.48515],[109.21927,1.47813],[109.21906,1.47544],[109.22086,1.47333],[109.23596,1.47799],[109.24143,1.48439]]]}},{"type":"Feature","properties":{"id":"salatiga/sungai-toman","name":"Sungai Toman","type":"desa","parentId":"salatiga","code":"6101022003"},"geometry":{"type":"Polygon","coordinates":[[[109.03422,1.13585],[109.02819,1.13917],[109.02493,1.14454],[109.02341,1.14435],[109.02103,1.14009],[109.02758,1.11343],[109.03924,1.11171],[109.03935,1.11552],[109.04351,1.11535],[109.03835,1.12944],[109.03422,1.13585]]]}},{"type":"Feature","properties":{"id":"teluk-keramat/tambatan","name":"Tambatan","type":"desa","parentId":"teluk-keramat","code":"6101060007"},"geometry":{"type":"Polygon","coordinates":[[[109.27828,1.40856],[109.25629,1.42364],[109.25599,1.43104],[109.23082,1.42663],[109.23317,1.42167],[109.23483,1.40984],[109.23976,1.40183],[109.25089,1.40626],[109.27491,1.40527],[109.27828,1.40856]]]}},{"type":"Feature","properties":{"id":"paloh/tanah-hitam","name":"Tanah Hitam","type":"desa","parentId":"paloh","code":"6101090003"},"geometry":{"type":"Polygon","coordinates":[[[109.27347,1.623],[109.26202,1.64269],[109.24941,1.64754],[109.24385,1.65141],[109.21853,1.63161],[109.21349,1.60424],[109.24044,1.60757],[109.27347,1.623]]]}},{"type":"Feature","properties":{"id":"tangaran/tangaran","name":"Tangaran","type":"desa","parentId":"tangaran","code":"6101062002"},"geometry":{"type":"Polygon","coordinates":[[[109.22304,1.53137],[109.21882,1.53062],[109.21697,1.53475],[109.20977,1.53628],[109.1906,1.5302],[109.1957,1.5158],[109.19831,1.51352],[109.20407,1.51685],[109.22929,1.52076],[109.22748,1.52593],[109.22368,1.52396],[109.22165,1.52475],[109.22141,1.52684],[109.22468,1.5294],[109.22304,1.53137]]]}},{"type":"Feature","properties":{"id":"sambas/tanjung-bugis","name":"Tanjung Bugis","type":"desa","parentId":"sambas","code":"6101040027"},"geometry":{"type":"Polygon","coordinates":[[[109.30637,1.34497],[109.30022,1.33978],[109.29443,1.34689],[109.29084,1.33824],[109.30562,1.32765],[109.30975,1.32678],[109.31984,1.31778],[109.32224,1.31342],[109.32329,1.31785],[109.31788,1.32892],[109.30637,1.34497]]]}},{"type":"Feature","properties":{"id":"teluk-keramat/tanjung-keracut","name":"Tanjung Keracut","type":"desa","parentId":"teluk-keramat","code":"6101060012"},"geometry":{"type":"Polygon","coordinates":[[[109.27073,1.45805],[109.27175,1.47358],[109.2672,1.48762],[109.25501,1.48543],[109.24486,1.48675],[109.23556,1.4778],[109.24324,1.46579],[109.24637,1.4638],[109.27073,1.45805]]]}},{"type":"Feature","properties":{"id":"sambas/tanjung-mekar","name":"Tanjung Mekar","type":"desa","parentId":"sambas","code":"6101040030"},"geometry":{"type":"Polygon","coordinates":[[[109.34366,1.37802],[109.33111,1.40753],[109.30712,1.40266],[109.31547,1.38644],[109.32347,1.37538],[109.33256,1.37941],[109.34366,1.37802]]]}},{"type":"Feature","properties":{"id":"tebas/tebas-kuala","name":"Tebas Kuala","type":"desa","parentId":"tebas","code":"6101030021"},"geometry":{"type":"Polygon","coordinates":[[[109.13981,1.24408],[109.12654,1.23916],[109.13809,1.22114],[109.1502,1.23319],[109.13981,1.24408]]]}},{"type":"Feature","properties":{"id":"tebas/tebas-sungai","name":"Tebas Sungai","type":"desa","parentId":"tebas","code":"6101030015"},"geometry":{"type":"Polygon","coordinates":[[[109.16003,1.21056],[109.15717,1.21399],[109.15503,1.21402],[109.15134,1.21909],[109.15559,1.22593],[109.15021,1.23321],[109.13817,1.22122],[109.14607,1.2109],[109.15748,1.20108],[109.17325,1.19385],[109.18924,1.1716],[109.20738,1.16187],[109.21637,1.16043],[109.21822,1.19591],[109.21463,1.19408],[109.20845,1.19469],[109.20532,1.19261],[109.19186,1.20026],[109.17977,1.21093],[109.17687,1.20842],[109.17188,1.213],[109.16814,1.20927],[109.16225,1.21306],[109.16003,1.21056]]]}},{"type":"Feature","properties":{"id":"sebawi/tebing-batu","name":"Tebing Batu","type":"desa","parentId":"sebawi","code":"6101042006"},"geometry":{"type":"Polygon","coordinates":[[[109.26164,1.32973],[109.24993,1.34178],[109.19659,1.31053],[109.19152,1.30979],[109.19268,1.29712],[109.19987,1.29132],[109.20489,1.29563],[109.20769,1.29613],[109.20919,1.29053],[109.21279,1.2874],[109.22886,1.29231],[109.2375,1.29797],[109.23959,1.30155],[109.24823,1.30631],[109.25807,1.31883],[109.26164,1.32599],[109.26164,1.32973]]]}},{"type":"Feature","properties":{"id":"subah/tebuah-elok","name":"Tebuah Elok","type":"desa","parentId":"subah","code":"6101041001"},"geometry":{"type":"Polygon","coordinates":[[[109.50054,1.09089],[109.50741,1.10805],[109.51588,1.11994],[109.50327,1.11735],[109.47992,1.11895],[109.4797,1.10685],[109.47483,1.09577],[109.4367,1.04709],[109.43508,1.04256],[109.43855,1.03594],[109.44702,1.0305],[109.46425,1.02383],[109.46921,1.02033],[109.47621,1.03506],[109.48312,1.06347],[109.49455,1.07825],[109.50054,1.09089]]]}},{"type":"Feature","properties":{"id":"tekarang/tekarang","name":"Tekarang","type":"desa","parentId":"tekarang","code":"6101031004"},"geometry":{"type":"Polygon","coordinates":[[[109.14713,1.28911],[109.14072,1.28163],[109.13426,1.27756],[109.11838,1.27263],[109.14633,1.25284],[109.16093,1.2839],[109.14713,1.28911]]]}},{"type":"Feature","properties":{"id":"teluk-keramat/teluk-kaseh","name":"Teluk Kaseh","type":"desa","parentId":"teluk-keramat","code":"6101060001"},"geometry":{"type":"Polygon","coordinates":[[[109.17968,1.31428],[109.15173,1.33558],[109.13787,1.34063],[109.13911,1.33093],[109.14336,1.32351],[109.14867,1.31599],[109.16783,1.29694],[109.17968,1.31428]]]}},{"type":"Feature","properties":{"id":"teluk-keramat/teluk-kembang","name":"Teluk Kembang","type":"desa","parentId":"teluk-keramat","code":"6101060021"},"geometry":{"type":"Polygon","coordinates":[[[109.26325,1.53162],[109.26313,1.53274],[109.25502,1.53131],[109.25626,1.52783],[109.25408,1.5143],[109.24978,1.50857],[109.24571,1.49668],[109.23935,1.49053],[109.24143,1.48439],[109.24486,1.48675],[109.25501,1.48543],[109.2655,1.48748],[109.26535,1.51546],[109.26325,1.53162]]]}},{"type":"Feature","properties":{"id":"galing/teluk-pandan","name":"Teluk Pandan","type":"desa","parentId":"galing","code":"6101061010"},"geometry":{"type":"Polygon","coordinates":[[[109.37767,1.59709],[109.38142,1.59946],[109.39197,1.62244],[109.39788,1.62755],[109.40168,1.63351],[109.41003,1.70137],[109.40588,1.72253],[109.39688,1.71617],[109.39589,1.71175],[109.39159,1.706],[109.38866,1.70433],[109.38581,1.7048],[109.38507,1.70043],[109.37457,1.69198],[109.3739,1.6872],[109.36829,1.68093],[109.36812,1.67534],[109.37248,1.67028],[109.37242,1.66561],[109.36549,1.65244],[109.36066,1.64919],[109.36622,1.63825],[109.36516,1.63315],[109.35061,1.6239],[109.34578,1.61481],[109.34004,1.61388],[109.33765,1.61196],[109.3383,1.60142],[109.34113,1.59398],[109.33813,1.57734],[109.33937,1.56445],[109.35846,1.54595],[109.35893,1.5435],[109.36247,1.54286],[109.36193,1.56146],[109.36511,1.57964],[109.37112,1.59213],[109.37767,1.59709]]]}},{"type":"Feature","properties":{"id":"paloh/temajuk","name":"Temajuk","type":"desa","parentId":"paloh","code":"6101090007"},"geometry":{"type":"Polygon","coordinates":[[[109.55419,1.85627],[109.55157,1.85908],[109.55223,1.86282],[109.55829,1.87206],[109.55435,1.87282],[109.55172,1.87745],[109.54955,1.87728],[109.54835,1.88459],[109.54438,1.89149],[109.54761,1.89542],[109.54631,1.89799],[109.54718,1.89951],[109.54536,1.90511],[109.53883,1.91183],[109.53804,1.92495],[109.53805,1.92714],[109.54008,1.92646],[109.54488,1.92863],[109.54779,1.92697],[109.55253,1.93014],[109.55624,1.92876],[109.55538,1.93025],[109.55735,1.93368],[109.56443,1.93661],[109.56199,1.94068],[109.56613,1.94316],[109.567,1.94574],[109.56362,1.94824],[109.56491,1.95122],[109.56067,1.95506],[109.5561,1.95442],[109.55171,1.95623],[109.55473,1.96205],[109.55326,1.96593],[109.55789,1.96633],[109.56024,1.97122],[109.56626,1.9726],[109.57642,1.97784],[109.59763,1.97879],[109.59816,1.97491],[109.60062,1.97389],[109.60695,1.97978],[109.61351,1.98261],[109.62042,1.98311],[109.62388,1.99198],[109.62725,1.99075],[109.62652,1.99654],[109.63056,2.0045],[109.6297,2.01418],[109.63821,2.02771],[109.63293,2.0316],[109.63019,2.03652],[109.63025,2.04595],[109.63911,2.06464],[109.64062,2.07111],[109.64408,2.07445],[109.64457,2.0813],[109.63527,2.07556],[109.63191,2.06964],[109.62547,2.06498],[109.62451,2.05701],[109.62075,2.05386],[109.61362,2.03927],[109.60627,2.03058],[109.60667,2.02817],[109.60375,2.02571],[109.60222,2.01816],[109.59673,2.00845],[109.59765,2.00469],[109.59415,2.00157],[109.59266,1.99645],[109.58849,1.99195],[109.5849,1.99005],[109.5731,1.98828],[109.53676,1.98969],[109.47576,1.98221],[109.45699,1.97686],[109.45233,1.9742],[109.45134,1.96874],[109.44165,1.95905],[109.43502,1.95278],[109.42739,1.95012],[109.43127,1.9446],[109.45044,1.94132],[109.46781,1.9326],[109.4842,1.9196],[109.50912,1.89391],[109.52945,1.88041],[109.53715,1.87118],[109.55419,1.85627]]]}},{"type":"Feature","properties":{"id":"galing/tempapan-hulu","name":"Tempapan Hulu","type":"desa","parentId":"galing","code":"6101061006"},"geometry":{"type":"Polygon","coordinates":[[[109.40579,1.72242],[109.40572,1.73298],[109.39832,1.73456],[109.3901,1.72925],[109.3838,1.72201],[109.36896,1.71553],[109.36017,1.70388],[109.35325,1.69821],[109.35212,1.69384],[109.35318,1.68139],[109.34365,1.67294],[109.34213,1.66722],[109.33435,1.65839],[109.33285,1.65388],[109.31243,1.64686],[109.29185,1.63084],[109.27305,1.62276],[109.28685,1.61056],[109.29631,1.60475],[109.31896,1.60024],[109.32887,1.60108],[109.33825,1.60475],[109.33789,1.61224],[109.34578,1.61481],[109.35061,1.6239],[109.36522,1.63328],[109.36622,1.63825],[109.36066,1.64919],[109.36549,1.65244],[109.37242,1.66561],[109.37248,1.67028],[109.36812,1.67534],[109.36813,1.68051],[109.37015,1.68193],[109.3703,1.68459],[109.3739,1.6872],[109.37433,1.69169],[109.38449,1.69975],[109.38581,1.7048],[109.38866,1.70433],[109.39238,1.70674],[109.39589,1.71175],[109.39688,1.71617],[109.40579,1.72242]]]}},{"type":"Feature","properties":{"id":"galing/tempapan-kuala","name":"Tempapan Kuala","type":"desa","parentId":"galing","code":"6101061004"},"geometry":{"type":"Polygon","coordinates":[[[109.33825,1.60475],[109.32887,1.60108],[109.31896,1.60024],[109.29631,1.60475],[109.28685,1.61056],[109.27305,1.62276],[109.25047,1.61159],[109.23526,1.60628],[109.24495,1.59263],[109.26123,1.57681],[109.2699,1.55348],[109.2813,1.54649],[109.28635,1.53929],[109.32176,1.53309],[109.32502,1.53132],[109.33588,1.53172],[109.33961,1.53328],[109.34961,1.52695],[109.3515,1.53433],[109.35901,1.54465],[109.33937,1.56445],[109.33813,1.57734],[109.34113,1.59398],[109.33825,1.60475]]]}},{"type":"Feature","properties":{"id":"sebawi/tempatan","name":"Tempatan","type":"desa","parentId":"sebawi","code":"6101042005"},"geometry":{"type":"Polygon","coordinates":[[[109.21235,1.32065],[109.19608,1.33724],[109.17816,1.31192],[109.18238,1.31],[109.19547,1.31016],[109.21235,1.32065]]]}},{"type":"Feature","properties":{"id":"sajad/tengguli","name":"Tengguli","type":"desa","parentId":"sajad","code":"6101043002"},"geometry":{"type":"Polygon","coordinates":[[[109.38881,1.33806],[109.39774,1.36257],[109.39809,1.39339],[109.39623,1.40736],[109.39245,1.41615],[109.36677,1.4153],[109.36582,1.4063],[109.36155,1.40105],[109.36194,1.39664],[109.36574,1.39285],[109.37247,1.37819],[109.37938,1.35156],[109.38881,1.33806]]]}},{"type":"Feature","properties":{"id":"galing/tri-gaduh","name":"Tri Gaduh","type":"desa","parentId":"galing","code":"6101061008"},"geometry":{"type":"Polygon","coordinates":[[[109.29633,1.53697],[109.28569,1.53945],[109.29527,1.50892],[109.30443,1.49723],[109.3042,1.49216],[109.30045,1.48991],[109.29841,1.47948],[109.31938,1.48176],[109.33716,1.4808],[109.34243,1.48193],[109.34898,1.486],[109.35147,1.49022],[109.35274,1.49745],[109.34961,1.52695],[109.33961,1.53328],[109.33588,1.53172],[109.32502,1.53132],[109.32176,1.53309],[109.29633,1.53697]]]}},{"type":"Feature","properties":{"id":"galing/tri-kembang","name":"Tri Kembang","type":"desa","parentId":"galing","code":"6101061007"},"geometry":{"type":"Polygon","coordinates":[[[109.35897,1.48093],[109.35585,1.48406],[109.34952,1.48685],[109.33996,1.48118],[109.31938,1.48176],[109.29825,1.47953],[109.29899,1.46512],[109.30613,1.46544],[109.31728,1.46242],[109.32804,1.46374],[109.34955,1.47287],[109.36592,1.47428],[109.35897,1.48093]]]}},{"type":"Feature","properties":{"id":"teluk-keramat/tri-mandayan","name":"Tri Mandayan","type":"desa","parentId":"teluk-keramat","code":"6101060024"},"geometry":{"type":"Polygon","coordinates":[[[109.19768,1.51358],[109.19426,1.51371],[109.18879,1.50946],[109.17002,1.51056],[109.16632,1.50811],[109.15841,1.50631],[109.15568,1.50505],[109.15658,1.50351],[109.14766,1.49532],[109.13037,1.48711],[109.10765,1.48537],[109.10293,1.48263],[109.08709,1.47977],[109.09357,1.46786],[109.10647,1.46247],[109.10347,1.45085],[109.1116,1.4558],[109.12633,1.46045],[109.13978,1.46069],[109.15217,1.46349],[109.17263,1.47254],[109.19702,1.49099],[109.20676,1.49425],[109.20221,1.50229],[109.20221,1.50822],[109.19768,1.51358]]]}},{"type":"Feature","properties":{"id":"sambas/tumuk-manggis","name":"Tumuk Manggis","type":"desa","parentId":"sambas","code":"6101040031"},"geometry":{"type":"Polygon","coordinates":[[[109.3119,1.36142],[109.31391,1.36204],[109.31743,1.37146],[109.32347,1.37538],[109.31547,1.38644],[109.30712,1.40266],[109.29767,1.40212],[109.30494,1.37878],[109.30649,1.36415],[109.3119,1.36142]]]}},{"type":"Feature","properties":{"id":"selakau/twi-mentibar","name":"Twi Mentibar","type":"desa","parentId":"selakau","code":"6101010008"},"geometry":{"type":"Polygon","coordinates":[[[109.02865,1.10511],[109.01717,1.1052],[109.0095,1.10217],[109.00014,1.08915],[108.97982,1.08822],[108.98228,1.05583],[108.98652,1.05331],[108.99204,1.05603],[108.99232,1.05091],[108.99591,1.04999],[108.99811,1.0532],[108.99518,1.0552],[108.99502,1.05775],[108.99802,1.05933],[109.00326,1.05922],[109.00323,1.06465],[109.00701,1.06717],[109.00906,1.06535],[109.00621,1.06377],[109.0064,1.06193],[109.01093,1.05582],[109.01318,1.05643],[109.01527,1.06348],[109.01247,1.06692],[109.01955,1.07663],[109.02433,1.07962],[109.02865,1.10511]]]}}]}